🚀 Бот запускается...
Received SIGTERM signal
🚀 Бот запускается...
Cause exception while process update id=200076304 by bot id=8180064444
TelegramBadRequest: Telegram server says - Bad Request: BUTTON_DATA_INVALID
Traceback (most recent call last):
  File "/usr/local/lib/python3.9/dist-packages/aiogram/dispatcher/dispatcher.py", line 309, in _process_update
    response = await self.feed_update(bot, update, **kwargs)
  File "/usr/local/lib/python3.9/dist-packages/aiogram/dispatcher/dispatcher.py", line 158, in feed_update
    response = await self.update.wrap_outer_middleware(
  File "/usr/local/lib/python3.9/dist-packages/aiogram/dispatcher/middlewares/error.py", line 25, in __call__
    return await handler(event, data)
  File "/usr/local/lib/python3.9/dist-packages/aiogram/dispatcher/middlewares/user_context.py", line 27, in __call__
    return await handler(event, data)
  File "/usr/local/lib/python3.9/dist-packages/aiogram/fsm/middleware.py", line 41, in __call__
    return await handler(event, data)
  File "/usr/local/lib/python3.9/dist-packages/aiogram/dispatcher/event/telegram.py", line 121, in trigger
    return await wrapped_inner(event, kwargs)
  File "/usr/local/lib/python3.9/dist-packages/aiogram/dispatcher/event/handler.py", line 43, in call
    return await wrapped()
  File "/usr/local/lib/python3.9/dist-packages/aiogram/dispatcher/dispatcher.py", line 276, in _listen_update
    return await self.propagate_event(update_type=update_type, event=event, **kwargs)
  File "/usr/local/lib/python3.9/dist-packages/aiogram/dispatcher/router.py", line 128, in propagate_event
    return await observer.wrap_outer_middleware(_wrapped, event=event, data=kwargs)
  File "/usr/local/lib/python3.9/dist-packages/aiogram/dispatcher/router.py", line 123, in _wrapped
    return await self._propagate_event(
  File "/usr/local/lib/python3.9/dist-packages/aiogram/dispatcher/router.py", line 156, in _propagate_event
    response = await router.propagate_event(update_type=update_type, event=event, **kwargs)
  File "/usr/local/lib/python3.9/dist-packages/aiogram/dispatcher/router.py", line 128, in propagate_event
    return await observer.wrap_outer_middleware(_wrapped, event=event, data=kwargs)
  File "/usr/local/lib/python3.9/dist-packages/aiogram/dispatcher/router.py", line 123, in _wrapped
    return await self._propagate_event(
  File "/usr/local/lib/python3.9/dist-packages/aiogram/dispatcher/router.py", line 148, in _propagate_event
    response = await observer.trigger(event, **kwargs)
  File "/usr/local/lib/python3.9/dist-packages/aiogram/dispatcher/event/telegram.py", line 121, in trigger
    return await wrapped_inner(event, kwargs)
  File "/usr/local/lib/python3.9/dist-packages/aiogram/dispatcher/event/handler.py", line 43, in call
    return await wrapped()
  File "/root/sberphoto365/handlers.py", line 39, in handle_photo
    await message.reply("Выбери дату съёмки фотографии:", reply_markup=keyboard)
  File "/usr/local/lib/python3.9/dist-packages/aiogram/methods/base.py", line 84, in emit
    return await bot(self)
  File "/usr/local/lib/python3.9/dist-packages/aiogram/client/bot.py", line 492, in __call__
    return await self.session(self, method, timeout=request_timeout)
  File "/usr/local/lib/python3.9/dist-packages/aiogram/client/session/base.py", line 254, in __call__
    return cast(TelegramType, await middleware(bot, method))
  File "/usr/local/lib/python3.9/dist-packages/aiogram/client/session/aiohttp.py", line 178, in make_request
    response = self.check_response(
  File "/usr/local/lib/python3.9/dist-packages/aiogram/client/session/base.py", line 120, in check_response
    raise TelegramBadRequest(method=method, message=description)
aiogram.exceptions.TelegramBadRequest: Telegram server says - Bad Request: BUTTON_DATA_INVALID
Received SIGTERM signal
🚀 Бот запускается...
Received SIGTERM signal
🚀 Бот запускается...
Received SIGTERM signal
🚀 Бот запускается...
Received SIGTERM signal
🚀 Бот запускается...
Received SIGTERM signal
🚀 Бот запускается...
Received SIGTERM signal
🚀 Бот запускается...
Cause exception while process update id=200076320 by bot id=8180064444
TelegramBadRequest: Telegram server says - Bad Request: BUTTON_DATA_INVALID
Traceback (most recent call last):
  File "/usr/local/lib/python3.9/dist-packages/aiogram/dispatcher/dispatcher.py", line 309, in _process_update
    response = await self.feed_update(bot, update, **kwargs)
  File "/usr/local/lib/python3.9/dist-packages/aiogram/dispatcher/dispatcher.py", line 158, in feed_update
    response = await self.update.wrap_outer_middleware(
  File "/usr/local/lib/python3.9/dist-packages/aiogram/dispatcher/middlewares/error.py", line 25, in __call__
    return await handler(event, data)
  File "/usr/local/lib/python3.9/dist-packages/aiogram/dispatcher/middlewares/user_context.py", line 27, in __call__
    return await handler(event, data)
  File "/usr/local/lib/python3.9/dist-packages/aiogram/fsm/middleware.py", line 41, in __call__
    return await handler(event, data)
  File "/usr/local/lib/python3.9/dist-packages/aiogram/dispatcher/event/telegram.py", line 121, in trigger
    return await wrapped_inner(event, kwargs)
  File "/usr/local/lib/python3.9/dist-packages/aiogram/dispatcher/event/handler.py", line 43, in call
    return await wrapped()
  File "/usr/local/lib/python3.9/dist-packages/aiogram/dispatcher/dispatcher.py", line 276, in _listen_update
    return await self.propagate_event(update_type=update_type, event=event, **kwargs)
  File "/usr/local/lib/python3.9/dist-packages/aiogram/dispatcher/router.py", line 128, in propagate_event
    return await observer.wrap_outer_middleware(_wrapped, event=event, data=kwargs)
  File "/usr/local/lib/python3.9/dist-packages/aiogram/dispatcher/router.py", line 123, in _wrapped
    return await self._propagate_event(
  File "/usr/local/lib/python3.9/dist-packages/aiogram/dispatcher/router.py", line 156, in _propagate_event
    response = await router.propagate_event(update_type=update_type, event=event, **kwargs)
  File "/usr/local/lib/python3.9/dist-packages/aiogram/dispatcher/router.py", line 128, in propagate_event
    return await observer.wrap_outer_middleware(_wrapped, event=event, data=kwargs)
  File "/usr/local/lib/python3.9/dist-packages/aiogram/dispatcher/router.py", line 123, in _wrapped
    return await self._propagate_event(
  File "/usr/local/lib/python3.9/dist-packages/aiogram/dispatcher/router.py", line 148, in _propagate_event
    response = await observer.trigger(event, **kwargs)
  File "/usr/local/lib/python3.9/dist-packages/aiogram/dispatcher/event/telegram.py", line 121, in trigger
    return await wrapped_inner(event, kwargs)
  File "/usr/local/lib/python3.9/dist-packages/aiogram/dispatcher/event/handler.py", line 43, in call
    return await wrapped()
  File "/root/sberphoto365/handlers.py", line 39, in handle_photo
    await message.reply("Выбери дату съёмки фотографии:", reply_markup=keyboard)
  File "/usr/local/lib/python3.9/dist-packages/aiogram/methods/base.py", line 84, in emit
    return await bot(self)
  File "/usr/local/lib/python3.9/dist-packages/aiogram/client/bot.py", line 492, in __call__
    return await self.session(self, method, timeout=request_timeout)
  File "/usr/local/lib/python3.9/dist-packages/aiogram/client/session/base.py", line 254, in __call__
    return cast(TelegramType, await middleware(bot, method))
  File "/usr/local/lib/python3.9/dist-packages/aiogram/client/session/aiohttp.py", line 178, in make_request
    response = self.check_response(
  File "/usr/local/lib/python3.9/dist-packages/aiogram/client/session/base.py", line 120, in check_response
    raise TelegramBadRequest(method=method, message=description)
aiogram.exceptions.TelegramBadRequest: Telegram server says - Bad Request: BUTTON_DATA_INVALID
Cause exception while process update id=200076322 by bot id=8180064444
TelegramBadRequest: Telegram server says - Bad Request: BUTTON_DATA_INVALID
Traceback (most recent call last):
  File "/usr/local/lib/python3.9/dist-packages/aiogram/dispatcher/dispatcher.py", line 309, in _process_update
    response = await self.feed_update(bot, update, **kwargs)
  File "/usr/local/lib/python3.9/dist-packages/aiogram/dispatcher/dispatcher.py", line 158, in feed_update
    response = await self.update.wrap_outer_middleware(
  File "/usr/local/lib/python3.9/dist-packages/aiogram/dispatcher/middlewares/error.py", line 25, in __call__
    return await handler(event, data)
  File "/usr/local/lib/python3.9/dist-packages/aiogram/dispatcher/middlewares/user_context.py", line 27, in __call__
    return await handler(event, data)
  File "/usr/local/lib/python3.9/dist-packages/aiogram/fsm/middleware.py", line 41, in __call__
    return await handler(event, data)
  File "/usr/local/lib/python3.9/dist-packages/aiogram/dispatcher/event/telegram.py", line 121, in trigger
    return await wrapped_inner(event, kwargs)
  File "/usr/local/lib/python3.9/dist-packages/aiogram/dispatcher/event/handler.py", line 43, in call
    return await wrapped()
  File "/usr/local/lib/python3.9/dist-packages/aiogram/dispatcher/dispatcher.py", line 276, in _listen_update
    return await self.propagate_event(update_type=update_type, event=event, **kwargs)
  File "/usr/local/lib/python3.9/dist-packages/aiogram/dispatcher/router.py", line 128, in propagate_event
    return await observer.wrap_outer_middleware(_wrapped, event=event, data=kwargs)
  File "/usr/local/lib/python3.9/dist-packages/aiogram/dispatcher/router.py", line 123, in _wrapped
    return await self._propagate_event(
  File "/usr/local/lib/python3.9/dist-packages/aiogram/dispatcher/router.py", line 156, in _propagate_event
    response = await router.propagate_event(update_type=update_type, event=event, **kwargs)
  File "/usr/local/lib/python3.9/dist-packages/aiogram/dispatcher/router.py", line 128, in propagate_event
    return await observer.wrap_outer_middleware(_wrapped, event=event, data=kwargs)
  File "/usr/local/lib/python3.9/dist-packages/aiogram/dispatcher/router.py", line 123, in _wrapped
    return await self._propagate_event(
  File "/usr/local/lib/python3.9/dist-packages/aiogram/dispatcher/router.py", line 148, in _propagate_event
    response = await observer.trigger(event, **kwargs)
  File "/usr/local/lib/python3.9/dist-packages/aiogram/dispatcher/event/telegram.py", line 121, in trigger
    return await wrapped_inner(event, kwargs)
  File "/usr/local/lib/python3.9/dist-packages/aiogram/dispatcher/event/handler.py", line 43, in call
    return await wrapped()
  File "/root/sberphoto365/handlers.py", line 39, in handle_photo
    await message.reply("Выбери дату съёмки фотографии:", reply_markup=keyboard)
  File "/usr/local/lib/python3.9/dist-packages/aiogram/methods/base.py", line 84, in emit
    return await bot(self)
  File "/usr/local/lib/python3.9/dist-packages/aiogram/client/bot.py", line 492, in __call__
    return await self.session(self, method, timeout=request_timeout)
  File "/usr/local/lib/python3.9/dist-packages/aiogram/client/session/base.py", line 254, in __call__
    return cast(TelegramType, await middleware(bot, method))
  File "/usr/local/lib/python3.9/dist-packages/aiogram/client/session/aiohttp.py", line 178, in make_request
    response = self.check_response(
  File "/usr/local/lib/python3.9/dist-packages/aiogram/client/session/base.py", line 120, in check_response
    raise TelegramBadRequest(method=method, message=description)
aiogram.exceptions.TelegramBadRequest: Telegram server says - Bad Request: BUTTON_DATA_INVALID
Received SIGTERM signal
🚀 Бот запускается...
Cause exception while process update id=200076324 by bot id=8180064444
TelegramBadRequest: Telegram server says - Bad Request: BUTTON_DATA_INVALID
Traceback (most recent call last):
  File "/usr/local/lib/python3.9/dist-packages/aiogram/dispatcher/dispatcher.py", line 309, in _process_update
    response = await self.feed_update(bot, update, **kwargs)
  File "/usr/local/lib/python3.9/dist-packages/aiogram/dispatcher/dispatcher.py", line 158, in feed_update
    response = await self.update.wrap_outer_middleware(
  File "/usr/local/lib/python3.9/dist-packages/aiogram/dispatcher/middlewares/error.py", line 25, in __call__
    return await handler(event, data)
  File "/usr/local/lib/python3.9/dist-packages/aiogram/dispatcher/middlewares/user_context.py", line 27, in __call__
    return await handler(event, data)
  File "/usr/local/lib/python3.9/dist-packages/aiogram/fsm/middleware.py", line 41, in __call__
    return await handler(event, data)
  File "/usr/local/lib/python3.9/dist-packages/aiogram/dispatcher/event/telegram.py", line 121, in trigger
    return await wrapped_inner(event, kwargs)
  File "/usr/local/lib/python3.9/dist-packages/aiogram/dispatcher/event/handler.py", line 43, in call
    return await wrapped()
  File "/usr/local/lib/python3.9/dist-packages/aiogram/dispatcher/dispatcher.py", line 276, in _listen_update
    return await self.propagate_event(update_type=update_type, event=event, **kwargs)
  File "/usr/local/lib/python3.9/dist-packages/aiogram/dispatcher/router.py", line 128, in propagate_event
    return await observer.wrap_outer_middleware(_wrapped, event=event, data=kwargs)
  File "/usr/local/lib/python3.9/dist-packages/aiogram/dispatcher/router.py", line 123, in _wrapped
    return await self._propagate_event(
  File "/usr/local/lib/python3.9/dist-packages/aiogram/dispatcher/router.py", line 156, in _propagate_event
    response = await router.propagate_event(update_type=update_type, event=event, **kwargs)
  File "/usr/local/lib/python3.9/dist-packages/aiogram/dispatcher/router.py", line 128, in propagate_event
    return await observer.wrap_outer_middleware(_wrapped, event=event, data=kwargs)
  File "/usr/local/lib/python3.9/dist-packages/aiogram/dispatcher/router.py", line 123, in _wrapped
    return await self._propagate_event(
  File "/usr/local/lib/python3.9/dist-packages/aiogram/dispatcher/router.py", line 148, in _propagate_event
    response = await observer.trigger(event, **kwargs)
  File "/usr/local/lib/python3.9/dist-packages/aiogram/dispatcher/event/telegram.py", line 121, in trigger
    return await wrapped_inner(event, kwargs)
  File "/usr/local/lib/python3.9/dist-packages/aiogram/dispatcher/event/handler.py", line 43, in call
    return await wrapped()
  File "/root/sberphoto365/handlers.py", line 40, in handle_photo
    await message.reply("Выбери дату съёмки фотографии:", reply_markup=keyboard)
  File "/usr/local/lib/python3.9/dist-packages/aiogram/methods/base.py", line 84, in emit
    return await bot(self)
  File "/usr/local/lib/python3.9/dist-packages/aiogram/client/bot.py", line 492, in __call__
    return await self.session(self, method, timeout=request_timeout)
  File "/usr/local/lib/python3.9/dist-packages/aiogram/client/session/base.py", line 254, in __call__
    return cast(TelegramType, await middleware(bot, method))
  File "/usr/local/lib/python3.9/dist-packages/aiogram/client/session/aiohttp.py", line 178, in make_request
    response = self.check_response(
  File "/usr/local/lib/python3.9/dist-packages/aiogram/client/session/base.py", line 120, in check_response
    raise TelegramBadRequest(method=method, message=description)
aiogram.exceptions.TelegramBadRequest: Telegram server says - Bad Request: BUTTON_DATA_INVALID
Cause exception while process update id=200076325 by bot id=8180064444
TelegramBadRequest: Telegram server says - Bad Request: BUTTON_DATA_INVALID
Traceback (most recent call last):
  File "/usr/local/lib/python3.9/dist-packages/aiogram/dispatcher/dispatcher.py", line 309, in _process_update
    response = await self.feed_update(bot, update, **kwargs)
  File "/usr/local/lib/python3.9/dist-packages/aiogram/dispatcher/dispatcher.py", line 158, in feed_update
    response = await self.update.wrap_outer_middleware(
  File "/usr/local/lib/python3.9/dist-packages/aiogram/dispatcher/middlewares/error.py", line 25, in __call__
    return await handler(event, data)
  File "/usr/local/lib/python3.9/dist-packages/aiogram/dispatcher/middlewares/user_context.py", line 27, in __call__
    return await handler(event, data)
  File "/usr/local/lib/python3.9/dist-packages/aiogram/fsm/middleware.py", line 41, in __call__
    return await handler(event, data)
  File "/usr/local/lib/python3.9/dist-packages/aiogram/dispatcher/event/telegram.py", line 121, in trigger
    return await wrapped_inner(event, kwargs)
  File "/usr/local/lib/python3.9/dist-packages/aiogram/dispatcher/event/handler.py", line 43, in call
    return await wrapped()
  File "/usr/local/lib/python3.9/dist-packages/aiogram/dispatcher/dispatcher.py", line 276, in _listen_update
    return await self.propagate_event(update_type=update_type, event=event, **kwargs)
  File "/usr/local/lib/python3.9/dist-packages/aiogram/dispatcher/router.py", line 128, in propagate_event
    return await observer.wrap_outer_middleware(_wrapped, event=event, data=kwargs)
  File "/usr/local/lib/python3.9/dist-packages/aiogram/dispatcher/router.py", line 123, in _wrapped
    return await self._propagate_event(
  File "/usr/local/lib/python3.9/dist-packages/aiogram/dispatcher/router.py", line 156, in _propagate_event
    response = await router.propagate_event(update_type=update_type, event=event, **kwargs)
  File "/usr/local/lib/python3.9/dist-packages/aiogram/dispatcher/router.py", line 128, in propagate_event
    return await observer.wrap_outer_middleware(_wrapped, event=event, data=kwargs)
  File "/usr/local/lib/python3.9/dist-packages/aiogram/dispatcher/router.py", line 123, in _wrapped
    return await self._propagate_event(
  File "/usr/local/lib/python3.9/dist-packages/aiogram/dispatcher/router.py", line 148, in _propagate_event
    response = await observer.trigger(event, **kwargs)
  File "/usr/local/lib/python3.9/dist-packages/aiogram/dispatcher/event/telegram.py", line 121, in trigger
    return await wrapped_inner(event, kwargs)
  File "/usr/local/lib/python3.9/dist-packages/aiogram/dispatcher/event/handler.py", line 43, in call
    return await wrapped()
  File "/root/sberphoto365/handlers.py", line 40, in handle_photo
    await message.reply("Выбери дату съёмки фотографии:", reply_markup=keyboard)
  File "/usr/local/lib/python3.9/dist-packages/aiogram/methods/base.py", line 84, in emit
    return await bot(self)
  File "/usr/local/lib/python3.9/dist-packages/aiogram/client/bot.py", line 492, in __call__
    return await self.session(self, method, timeout=request_timeout)
  File "/usr/local/lib/python3.9/dist-packages/aiogram/client/session/base.py", line 254, in __call__
    return cast(TelegramType, await middleware(bot, method))
  File "/usr/local/lib/python3.9/dist-packages/aiogram/client/session/aiohttp.py", line 178, in make_request
    response = self.check_response(
  File "/usr/local/lib/python3.9/dist-packages/aiogram/client/session/base.py", line 120, in check_response
    raise TelegramBadRequest(method=method, message=description)
aiogram.exceptions.TelegramBadRequest: Telegram server says - Bad Request: BUTTON_DATA_INVALID
Received SIGTERM signal
🚀 Бот запускается...
Cause exception while process update id=200076326 by bot id=8180064444
TelegramBadRequest: Telegram server says - Bad Request: BUTTON_DATA_INVALID
Traceback (most recent call last):
  File "/usr/local/lib/python3.9/dist-packages/aiogram/dispatcher/dispatcher.py", line 309, in _process_update
    response = await self.feed_update(bot, update, **kwargs)
  File "/usr/local/lib/python3.9/dist-packages/aiogram/dispatcher/dispatcher.py", line 158, in feed_update
    response = await self.update.wrap_outer_middleware(
  File "/usr/local/lib/python3.9/dist-packages/aiogram/dispatcher/middlewares/error.py", line 25, in __call__
    return await handler(event, data)
  File "/usr/local/lib/python3.9/dist-packages/aiogram/dispatcher/middlewares/user_context.py", line 27, in __call__
    return await handler(event, data)
  File "/usr/local/lib/python3.9/dist-packages/aiogram/fsm/middleware.py", line 41, in __call__
    return await handler(event, data)
  File "/usr/local/lib/python3.9/dist-packages/aiogram/dispatcher/event/telegram.py", line 121, in trigger
    return await wrapped_inner(event, kwargs)
  File "/usr/local/lib/python3.9/dist-packages/aiogram/dispatcher/event/handler.py", line 43, in call
    return await wrapped()
  File "/usr/local/lib/python3.9/dist-packages/aiogram/dispatcher/dispatcher.py", line 276, in _listen_update
    return await self.propagate_event(update_type=update_type, event=event, **kwargs)
  File "/usr/local/lib/python3.9/dist-packages/aiogram/dispatcher/router.py", line 128, in propagate_event
    return await observer.wrap_outer_middleware(_wrapped, event=event, data=kwargs)
  File "/usr/local/lib/python3.9/dist-packages/aiogram/dispatcher/router.py", line 123, in _wrapped
    return await self._propagate_event(
  File "/usr/local/lib/python3.9/dist-packages/aiogram/dispatcher/router.py", line 156, in _propagate_event
    response = await router.propagate_event(update_type=update_type, event=event, **kwargs)
  File "/usr/local/lib/python3.9/dist-packages/aiogram/dispatcher/router.py", line 128, in propagate_event
    return await observer.wrap_outer_middleware(_wrapped, event=event, data=kwargs)
  File "/usr/local/lib/python3.9/dist-packages/aiogram/dispatcher/router.py", line 123, in _wrapped
    return await self._propagate_event(
  File "/usr/local/lib/python3.9/dist-packages/aiogram/dispatcher/router.py", line 148, in _propagate_event
    response = await observer.trigger(event, **kwargs)
  File "/usr/local/lib/python3.9/dist-packages/aiogram/dispatcher/event/telegram.py", line 121, in trigger
    return await wrapped_inner(event, kwargs)
  File "/usr/local/lib/python3.9/dist-packages/aiogram/dispatcher/event/handler.py", line 43, in call
    return await wrapped()
  File "/root/sberphoto365/handlers.py", line 40, in handle_photo
    await message.reply("Выбери дату съёмки фотографии:", reply_markup=keyboard)
  File "/usr/local/lib/python3.9/dist-packages/aiogram/methods/base.py", line 84, in emit
    return await bot(self)
  File "/usr/local/lib/python3.9/dist-packages/aiogram/client/bot.py", line 492, in __call__
    return await self.session(self, method, timeout=request_timeout)
  File "/usr/local/lib/python3.9/dist-packages/aiogram/client/session/base.py", line 254, in __call__
    return cast(TelegramType, await middleware(bot, method))
  File "/usr/local/lib/python3.9/dist-packages/aiogram/client/session/aiohttp.py", line 178, in make_request
    response = self.check_response(
  File "/usr/local/lib/python3.9/dist-packages/aiogram/client/session/base.py", line 120, in check_response
    raise TelegramBadRequest(method=method, message=description)
aiogram.exceptions.TelegramBadRequest: Telegram server says - Bad Request: BUTTON_DATA_INVALID
Received SIGTERM signal
🚀 Бот запускается...
Cause exception while process update id=200076327 by bot id=8180064444
TelegramBadRequest: Telegram server says - Bad Request: BUTTON_DATA_INVALID
Traceback (most recent call last):
  File "/usr/local/lib/python3.9/dist-packages/aiogram/dispatcher/dispatcher.py", line 309, in _process_update
    response = await self.feed_update(bot, update, **kwargs)
  File "/usr/local/lib/python3.9/dist-packages/aiogram/dispatcher/dispatcher.py", line 158, in feed_update
    response = await self.update.wrap_outer_middleware(
  File "/usr/local/lib/python3.9/dist-packages/aiogram/dispatcher/middlewares/error.py", line 25, in __call__
    return await handler(event, data)
  File "/usr/local/lib/python3.9/dist-packages/aiogram/dispatcher/middlewares/user_context.py", line 27, in __call__
    return await handler(event, data)
  File "/usr/local/lib/python3.9/dist-packages/aiogram/fsm/middleware.py", line 41, in __call__
    return await handler(event, data)
  File "/usr/local/lib/python3.9/dist-packages/aiogram/dispatcher/event/telegram.py", line 121, in trigger
    return await wrapped_inner(event, kwargs)
  File "/usr/local/lib/python3.9/dist-packages/aiogram/dispatcher/event/handler.py", line 43, in call
    return await wrapped()
  File "/usr/local/lib/python3.9/dist-packages/aiogram/dispatcher/dispatcher.py", line 276, in _listen_update
    return await self.propagate_event(update_type=update_type, event=event, **kwargs)
  File "/usr/local/lib/python3.9/dist-packages/aiogram/dispatcher/router.py", line 128, in propagate_event
    return await observer.wrap_outer_middleware(_wrapped, event=event, data=kwargs)
  File "/usr/local/lib/python3.9/dist-packages/aiogram/dispatcher/router.py", line 123, in _wrapped
    return await self._propagate_event(
  File "/usr/local/lib/python3.9/dist-packages/aiogram/dispatcher/router.py", line 156, in _propagate_event
    response = await router.propagate_event(update_type=update_type, event=event, **kwargs)
  File "/usr/local/lib/python3.9/dist-packages/aiogram/dispatcher/router.py", line 128, in propagate_event
    return await observer.wrap_outer_middleware(_wrapped, event=event, data=kwargs)
  File "/usr/local/lib/python3.9/dist-packages/aiogram/dispatcher/router.py", line 123, in _wrapped
    return await self._propagate_event(
  File "/usr/local/lib/python3.9/dist-packages/aiogram/dispatcher/router.py", line 148, in _propagate_event
    response = await observer.trigger(event, **kwargs)
  File "/usr/local/lib/python3.9/dist-packages/aiogram/dispatcher/event/telegram.py", line 121, in trigger
    return await wrapped_inner(event, kwargs)
  File "/usr/local/lib/python3.9/dist-packages/aiogram/dispatcher/event/handler.py", line 43, in call
    return await wrapped()
  File "/root/sberphoto365/handlers.py", line 40, in handle_photo
    await message.reply("Выбери дату съёмки фотографии:", reply_markup=keyboard)
  File "/usr/local/lib/python3.9/dist-packages/aiogram/methods/base.py", line 84, in emit
    return await bot(self)
  File "/usr/local/lib/python3.9/dist-packages/aiogram/client/bot.py", line 492, in __call__
    return await self.session(self, method, timeout=request_timeout)
  File "/usr/local/lib/python3.9/dist-packages/aiogram/client/session/base.py", line 254, in __call__
    return cast(TelegramType, await middleware(bot, method))
  File "/usr/local/lib/python3.9/dist-packages/aiogram/client/session/aiohttp.py", line 178, in make_request
    response = self.check_response(
  File "/usr/local/lib/python3.9/dist-packages/aiogram/client/session/base.py", line 120, in check_response
    raise TelegramBadRequest(method=method, message=description)
aiogram.exceptions.TelegramBadRequest: Telegram server says - Bad Request: BUTTON_DATA_INVALID
Cause exception while process update id=200076329 by bot id=8180064444
TelegramBadRequest: Telegram server says - Bad Request: BUTTON_DATA_INVALID
Traceback (most recent call last):
  File "/usr/local/lib/python3.9/dist-packages/aiogram/dispatcher/dispatcher.py", line 309, in _process_update
    response = await self.feed_update(bot, update, **kwargs)
  File "/usr/local/lib/python3.9/dist-packages/aiogram/dispatcher/dispatcher.py", line 158, in feed_update
    response = await self.update.wrap_outer_middleware(
  File "/usr/local/lib/python3.9/dist-packages/aiogram/dispatcher/middlewares/error.py", line 25, in __call__
    return await handler(event, data)
  File "/usr/local/lib/python3.9/dist-packages/aiogram/dispatcher/middlewares/user_context.py", line 27, in __call__
    return await handler(event, data)
  File "/usr/local/lib/python3.9/dist-packages/aiogram/fsm/middleware.py", line 41, in __call__
    return await handler(event, data)
  File "/usr/local/lib/python3.9/dist-packages/aiogram/dispatcher/event/telegram.py", line 121, in trigger
    return await wrapped_inner(event, kwargs)
  File "/usr/local/lib/python3.9/dist-packages/aiogram/dispatcher/event/handler.py", line 43, in call
    return await wrapped()
  File "/usr/local/lib/python3.9/dist-packages/aiogram/dispatcher/dispatcher.py", line 276, in _listen_update
    return await self.propagate_event(update_type=update_type, event=event, **kwargs)
  File "/usr/local/lib/python3.9/dist-packages/aiogram/dispatcher/router.py", line 128, in propagate_event
    return await observer.wrap_outer_middleware(_wrapped, event=event, data=kwargs)
  File "/usr/local/lib/python3.9/dist-packages/aiogram/dispatcher/router.py", line 123, in _wrapped
    return await self._propagate_event(
  File "/usr/local/lib/python3.9/dist-packages/aiogram/dispatcher/router.py", line 156, in _propagate_event
    response = await router.propagate_event(update_type=update_type, event=event, **kwargs)
  File "/usr/local/lib/python3.9/dist-packages/aiogram/dispatcher/router.py", line 128, in propagate_event
    return await observer.wrap_outer_middleware(_wrapped, event=event, data=kwargs)
  File "/usr/local/lib/python3.9/dist-packages/aiogram/dispatcher/router.py", line 123, in _wrapped
    return await self._propagate_event(
  File "/usr/local/lib/python3.9/dist-packages/aiogram/dispatcher/router.py", line 148, in _propagate_event
    response = await observer.trigger(event, **kwargs)
  File "/usr/local/lib/python3.9/dist-packages/aiogram/dispatcher/event/telegram.py", line 121, in trigger
    return await wrapped_inner(event, kwargs)
  File "/usr/local/lib/python3.9/dist-packages/aiogram/dispatcher/event/handler.py", line 43, in call
    return await wrapped()
  File "/root/sberphoto365/handlers.py", line 40, in handle_photo
    await message.reply("Выбери дату съёмки фотографии:", reply_markup=keyboard)
  File "/usr/local/lib/python3.9/dist-packages/aiogram/methods/base.py", line 84, in emit
    return await bot(self)
  File "/usr/local/lib/python3.9/dist-packages/aiogram/client/bot.py", line 492, in __call__
    return await self.session(self, method, timeout=request_timeout)
  File "/usr/local/lib/python3.9/dist-packages/aiogram/client/session/base.py", line 254, in __call__
    return cast(TelegramType, await middleware(bot, method))
  File "/usr/local/lib/python3.9/dist-packages/aiogram/client/session/aiohttp.py", line 178, in make_request
    response = self.check_response(
  File "/usr/local/lib/python3.9/dist-packages/aiogram/client/session/base.py", line 120, in check_response
    raise TelegramBadRequest(method=method, message=description)
aiogram.exceptions.TelegramBadRequest: Telegram server says - Bad Request: BUTTON_DATA_INVALID
Received SIGTERM signal
🚀 Бот запускается...
Cause exception while process update id=200076331 by bot id=8180064444
TelegramBadRequest: Telegram server says - Bad Request: BUTTON_DATA_INVALID
Traceback (most recent call last):
  File "/usr/local/lib/python3.9/dist-packages/aiogram/dispatcher/dispatcher.py", line 309, in _process_update
    response = await self.feed_update(bot, update, **kwargs)
  File "/usr/local/lib/python3.9/dist-packages/aiogram/dispatcher/dispatcher.py", line 158, in feed_update
    response = await self.update.wrap_outer_middleware(
  File "/usr/local/lib/python3.9/dist-packages/aiogram/dispatcher/middlewares/error.py", line 25, in __call__
    return await handler(event, data)
  File "/usr/local/lib/python3.9/dist-packages/aiogram/dispatcher/middlewares/user_context.py", line 27, in __call__
    return await handler(event, data)
  File "/usr/local/lib/python3.9/dist-packages/aiogram/fsm/middleware.py", line 41, in __call__
    return await handler(event, data)
  File "/usr/local/lib/python3.9/dist-packages/aiogram/dispatcher/event/telegram.py", line 121, in trigger
    return await wrapped_inner(event, kwargs)
  File "/usr/local/lib/python3.9/dist-packages/aiogram/dispatcher/event/handler.py", line 43, in call
    return await wrapped()
  File "/usr/local/lib/python3.9/dist-packages/aiogram/dispatcher/dispatcher.py", line 276, in _listen_update
    return await self.propagate_event(update_type=update_type, event=event, **kwargs)
  File "/usr/local/lib/python3.9/dist-packages/aiogram/dispatcher/router.py", line 128, in propagate_event
    return await observer.wrap_outer_middleware(_wrapped, event=event, data=kwargs)
  File "/usr/local/lib/python3.9/dist-packages/aiogram/dispatcher/router.py", line 123, in _wrapped
    return await self._propagate_event(
  File "/usr/local/lib/python3.9/dist-packages/aiogram/dispatcher/router.py", line 156, in _propagate_event
    response = await router.propagate_event(update_type=update_type, event=event, **kwargs)
  File "/usr/local/lib/python3.9/dist-packages/aiogram/dispatcher/router.py", line 128, in propagate_event
    return await observer.wrap_outer_middleware(_wrapped, event=event, data=kwargs)
  File "/usr/local/lib/python3.9/dist-packages/aiogram/dispatcher/router.py", line 123, in _wrapped
    return await self._propagate_event(
  File "/usr/local/lib/python3.9/dist-packages/aiogram/dispatcher/router.py", line 148, in _propagate_event
    response = await observer.trigger(event, **kwargs)
  File "/usr/local/lib/python3.9/dist-packages/aiogram/dispatcher/event/telegram.py", line 121, in trigger
    return await wrapped_inner(event, kwargs)
  File "/usr/local/lib/python3.9/dist-packages/aiogram/dispatcher/event/handler.py", line 43, in call
    return await wrapped()
  File "/root/sberphoto365/handlers.py", line 39, in handle_photo
    await message.reply("Выбери дату съёмки фотографии:", reply_markup=keyboard)
  File "/usr/local/lib/python3.9/dist-packages/aiogram/methods/base.py", line 84, in emit
    return await bot(self)
  File "/usr/local/lib/python3.9/dist-packages/aiogram/client/bot.py", line 492, in __call__
    return await self.session(self, method, timeout=request_timeout)
  File "/usr/local/lib/python3.9/dist-packages/aiogram/client/session/base.py", line 254, in __call__
    return cast(TelegramType, await middleware(bot, method))
  File "/usr/local/lib/python3.9/dist-packages/aiogram/client/session/aiohttp.py", line 178, in make_request
    response = self.check_response(
  File "/usr/local/lib/python3.9/dist-packages/aiogram/client/session/base.py", line 120, in check_response
    raise TelegramBadRequest(method=method, message=description)
aiogram.exceptions.TelegramBadRequest: Telegram server says - Bad Request: BUTTON_DATA_INVALID
Received SIGTERM signal
🚀 Бот запускается...
Cause exception while process update id=200076333 by bot id=8180064444
TelegramBadRequest: Telegram server says - Bad Request: BUTTON_DATA_INVALID
Traceback (most recent call last):
  File "/usr/local/lib/python3.9/dist-packages/aiogram/dispatcher/dispatcher.py", line 309, in _process_update
    response = await self.feed_update(bot, update, **kwargs)
  File "/usr/local/lib/python3.9/dist-packages/aiogram/dispatcher/dispatcher.py", line 158, in feed_update
    response = await self.update.wrap_outer_middleware(
  File "/usr/local/lib/python3.9/dist-packages/aiogram/dispatcher/middlewares/error.py", line 25, in __call__
    return await handler(event, data)
  File "/usr/local/lib/python3.9/dist-packages/aiogram/dispatcher/middlewares/user_context.py", line 27, in __call__
    return await handler(event, data)
  File "/usr/local/lib/python3.9/dist-packages/aiogram/fsm/middleware.py", line 41, in __call__
    return await handler(event, data)
  File "/usr/local/lib/python3.9/dist-packages/aiogram/dispatcher/event/telegram.py", line 121, in trigger
    return await wrapped_inner(event, kwargs)
  File "/usr/local/lib/python3.9/dist-packages/aiogram/dispatcher/event/handler.py", line 43, in call
    return await wrapped()
  File "/usr/local/lib/python3.9/dist-packages/aiogram/dispatcher/dispatcher.py", line 276, in _listen_update
    return await self.propagate_event(update_type=update_type, event=event, **kwargs)
  File "/usr/local/lib/python3.9/dist-packages/aiogram/dispatcher/router.py", line 128, in propagate_event
    return await observer.wrap_outer_middleware(_wrapped, event=event, data=kwargs)
  File "/usr/local/lib/python3.9/dist-packages/aiogram/dispatcher/router.py", line 123, in _wrapped
    return await self._propagate_event(
  File "/usr/local/lib/python3.9/dist-packages/aiogram/dispatcher/router.py", line 156, in _propagate_event
    response = await router.propagate_event(update_type=update_type, event=event, **kwargs)
  File "/usr/local/lib/python3.9/dist-packages/aiogram/dispatcher/router.py", line 128, in propagate_event
    return await observer.wrap_outer_middleware(_wrapped, event=event, data=kwargs)
  File "/usr/local/lib/python3.9/dist-packages/aiogram/dispatcher/router.py", line 123, in _wrapped
    return await self._propagate_event(
  File "/usr/local/lib/python3.9/dist-packages/aiogram/dispatcher/router.py", line 148, in _propagate_event
    response = await observer.trigger(event, **kwargs)
  File "/usr/local/lib/python3.9/dist-packages/aiogram/dispatcher/event/telegram.py", line 121, in trigger
    return await wrapped_inner(event, kwargs)
  File "/usr/local/lib/python3.9/dist-packages/aiogram/dispatcher/event/handler.py", line 43, in call
    return await wrapped()
  File "/root/sberphoto365/handlers.py", line 39, in handle_photo
    await message.reply("Выбери дату съёмки фотографии:", reply_markup=keyboard)
  File "/usr/local/lib/python3.9/dist-packages/aiogram/methods/base.py", line 84, in emit
    return await bot(self)
  File "/usr/local/lib/python3.9/dist-packages/aiogram/client/bot.py", line 492, in __call__
    return await self.session(self, method, timeout=request_timeout)
  File "/usr/local/lib/python3.9/dist-packages/aiogram/client/session/base.py", line 254, in __call__
    return cast(TelegramType, await middleware(bot, method))
  File "/usr/local/lib/python3.9/dist-packages/aiogram/client/session/aiohttp.py", line 178, in make_request
    response = self.check_response(
  File "/usr/local/lib/python3.9/dist-packages/aiogram/client/session/base.py", line 120, in check_response
    raise TelegramBadRequest(method=method, message=description)
aiogram.exceptions.TelegramBadRequest: Telegram server says - Bad Request: BUTTON_DATA_INVALID
Received SIGTERM signal
🚀 Бот запускается...
Received SIGTERM signal
🚀 Бот запускается...
Cause exception while process update id=200076336 by bot id=8180064444
TelegramBadRequest: Telegram server says - Bad Request: BUTTON_DATA_INVALID
Traceback (most recent call last):
  File "/usr/local/lib/python3.9/dist-packages/aiogram/dispatcher/dispatcher.py", line 309, in _process_update
    response = await self.feed_update(bot, update, **kwargs)
  File "/usr/local/lib/python3.9/dist-packages/aiogram/dispatcher/dispatcher.py", line 158, in feed_update
    response = await self.update.wrap_outer_middleware(
  File "/usr/local/lib/python3.9/dist-packages/aiogram/dispatcher/middlewares/error.py", line 25, in __call__
    return await handler(event, data)
  File "/usr/local/lib/python3.9/dist-packages/aiogram/dispatcher/middlewares/user_context.py", line 27, in __call__
    return await handler(event, data)
  File "/usr/local/lib/python3.9/dist-packages/aiogram/fsm/middleware.py", line 41, in __call__
    return await handler(event, data)
  File "/usr/local/lib/python3.9/dist-packages/aiogram/dispatcher/event/telegram.py", line 121, in trigger
    return await wrapped_inner(event, kwargs)
  File "/usr/local/lib/python3.9/dist-packages/aiogram/dispatcher/event/handler.py", line 43, in call
    return await wrapped()
  File "/usr/local/lib/python3.9/dist-packages/aiogram/dispatcher/dispatcher.py", line 276, in _listen_update
    return await self.propagate_event(update_type=update_type, event=event, **kwargs)
  File "/usr/local/lib/python3.9/dist-packages/aiogram/dispatcher/router.py", line 128, in propagate_event
    return await observer.wrap_outer_middleware(_wrapped, event=event, data=kwargs)
  File "/usr/local/lib/python3.9/dist-packages/aiogram/dispatcher/router.py", line 123, in _wrapped
    return await self._propagate_event(
  File "/usr/local/lib/python3.9/dist-packages/aiogram/dispatcher/router.py", line 156, in _propagate_event
    response = await router.propagate_event(update_type=update_type, event=event, **kwargs)
  File "/usr/local/lib/python3.9/dist-packages/aiogram/dispatcher/router.py", line 128, in propagate_event
    return await observer.wrap_outer_middleware(_wrapped, event=event, data=kwargs)
  File "/usr/local/lib/python3.9/dist-packages/aiogram/dispatcher/router.py", line 123, in _wrapped
    return await self._propagate_event(
  File "/usr/local/lib/python3.9/dist-packages/aiogram/dispatcher/router.py", line 148, in _propagate_event
    response = await observer.trigger(event, **kwargs)
  File "/usr/local/lib/python3.9/dist-packages/aiogram/dispatcher/event/telegram.py", line 121, in trigger
    return await wrapped_inner(event, kwargs)
  File "/usr/local/lib/python3.9/dist-packages/aiogram/dispatcher/event/handler.py", line 43, in call
    return await wrapped()
  File "/root/sberphoto365/handlers.py", line 39, in handle_photo
    await message.reply("Выбери дату съёмки фотографии:", reply_markup=keyboard)
  File "/usr/local/lib/python3.9/dist-packages/aiogram/methods/base.py", line 84, in emit
    return await bot(self)
  File "/usr/local/lib/python3.9/dist-packages/aiogram/client/bot.py", line 492, in __call__
    return await self.session(self, method, timeout=request_timeout)
  File "/usr/local/lib/python3.9/dist-packages/aiogram/client/session/base.py", line 254, in __call__
    return cast(TelegramType, await middleware(bot, method))
  File "/usr/local/lib/python3.9/dist-packages/aiogram/client/session/aiohttp.py", line 178, in make_request
    response = self.check_response(
  File "/usr/local/lib/python3.9/dist-packages/aiogram/client/session/base.py", line 120, in check_response
    raise TelegramBadRequest(method=method, message=description)
aiogram.exceptions.TelegramBadRequest: Telegram server says - Bad Request: BUTTON_DATA_INVALID
Received SIGTERM signal
🚀 Бот запускается...
Cause exception while process update id=200076337 by bot id=8180064444
TelegramBadRequest: Telegram server says - Bad Request: BUTTON_DATA_INVALID
Traceback (most recent call last):
  File "/usr/local/lib/python3.9/dist-packages/aiogram/dispatcher/dispatcher.py", line 309, in _process_update
    response = await self.feed_update(bot, update, **kwargs)
  File "/usr/local/lib/python3.9/dist-packages/aiogram/dispatcher/dispatcher.py", line 158, in feed_update
    response = await self.update.wrap_outer_middleware(
  File "/usr/local/lib/python3.9/dist-packages/aiogram/dispatcher/middlewares/error.py", line 25, in __call__
    return await handler(event, data)
  File "/usr/local/lib/python3.9/dist-packages/aiogram/dispatcher/middlewares/user_context.py", line 27, in __call__
    return await handler(event, data)
  File "/usr/local/lib/python3.9/dist-packages/aiogram/fsm/middleware.py", line 41, in __call__
    return await handler(event, data)
  File "/usr/local/lib/python3.9/dist-packages/aiogram/dispatcher/event/telegram.py", line 121, in trigger
    return await wrapped_inner(event, kwargs)
  File "/usr/local/lib/python3.9/dist-packages/aiogram/dispatcher/event/handler.py", line 43, in call
    return await wrapped()
  File "/usr/local/lib/python3.9/dist-packages/aiogram/dispatcher/dispatcher.py", line 276, in _listen_update
    return await self.propagate_event(update_type=update_type, event=event, **kwargs)
  File "/usr/local/lib/python3.9/dist-packages/aiogram/dispatcher/router.py", line 128, in propagate_event
    return await observer.wrap_outer_middleware(_wrapped, event=event, data=kwargs)
  File "/usr/local/lib/python3.9/dist-packages/aiogram/dispatcher/router.py", line 123, in _wrapped
    return await self._propagate_event(
  File "/usr/local/lib/python3.9/dist-packages/aiogram/dispatcher/router.py", line 156, in _propagate_event
    response = await router.propagate_event(update_type=update_type, event=event, **kwargs)
  File "/usr/local/lib/python3.9/dist-packages/aiogram/dispatcher/router.py", line 128, in propagate_event
    return await observer.wrap_outer_middleware(_wrapped, event=event, data=kwargs)
  File "/usr/local/lib/python3.9/dist-packages/aiogram/dispatcher/router.py", line 123, in _wrapped
    return await self._propagate_event(
  File "/usr/local/lib/python3.9/dist-packages/aiogram/dispatcher/router.py", line 148, in _propagate_event
    response = await observer.trigger(event, **kwargs)
  File "/usr/local/lib/python3.9/dist-packages/aiogram/dispatcher/event/telegram.py", line 121, in trigger
    return await wrapped_inner(event, kwargs)
  File "/usr/local/lib/python3.9/dist-packages/aiogram/dispatcher/event/handler.py", line 43, in call
    return await wrapped()
  File "/root/sberphoto365/handlers.py", line 39, in handle_photo
    await message.reply("Выбери дату съёмки фотографии:", reply_markup=keyboard)
  File "/usr/local/lib/python3.9/dist-packages/aiogram/methods/base.py", line 84, in emit
    return await bot(self)
  File "/usr/local/lib/python3.9/dist-packages/aiogram/client/bot.py", line 492, in __call__
    return await self.session(self, method, timeout=request_timeout)
  File "/usr/local/lib/python3.9/dist-packages/aiogram/client/session/base.py", line 254, in __call__
    return cast(TelegramType, await middleware(bot, method))
  File "/usr/local/lib/python3.9/dist-packages/aiogram/client/session/aiohttp.py", line 178, in make_request
    response = self.check_response(
  File "/usr/local/lib/python3.9/dist-packages/aiogram/client/session/base.py", line 120, in check_response
    raise TelegramBadRequest(method=method, message=description)
aiogram.exceptions.TelegramBadRequest: Telegram server says - Bad Request: BUTTON_DATA_INVALID
Received SIGTERM signal
🚀 Бот запускается...
Cause exception while process update id=200076339 by bot id=8180064444
TelegramBadRequest: Telegram server says - Bad Request: BUTTON_DATA_INVALID
Traceback (most recent call last):
  File "/usr/local/lib/python3.9/dist-packages/aiogram/dispatcher/dispatcher.py", line 309, in _process_update
    response = await self.feed_update(bot, update, **kwargs)
  File "/usr/local/lib/python3.9/dist-packages/aiogram/dispatcher/dispatcher.py", line 158, in feed_update
    response = await self.update.wrap_outer_middleware(
  File "/usr/local/lib/python3.9/dist-packages/aiogram/dispatcher/middlewares/error.py", line 25, in __call__
    return await handler(event, data)
  File "/usr/local/lib/python3.9/dist-packages/aiogram/dispatcher/middlewares/user_context.py", line 27, in __call__
    return await handler(event, data)
  File "/usr/local/lib/python3.9/dist-packages/aiogram/fsm/middleware.py", line 41, in __call__
    return await handler(event, data)
  File "/usr/local/lib/python3.9/dist-packages/aiogram/dispatcher/event/telegram.py", line 121, in trigger
    return await wrapped_inner(event, kwargs)
  File "/usr/local/lib/python3.9/dist-packages/aiogram/dispatcher/event/handler.py", line 43, in call
    return await wrapped()
  File "/usr/local/lib/python3.9/dist-packages/aiogram/dispatcher/dispatcher.py", line 276, in _listen_update
    return await self.propagate_event(update_type=update_type, event=event, **kwargs)
  File "/usr/local/lib/python3.9/dist-packages/aiogram/dispatcher/router.py", line 128, in propagate_event
    return await observer.wrap_outer_middleware(_wrapped, event=event, data=kwargs)
  File "/usr/local/lib/python3.9/dist-packages/aiogram/dispatcher/router.py", line 123, in _wrapped
    return await self._propagate_event(
  File "/usr/local/lib/python3.9/dist-packages/aiogram/dispatcher/router.py", line 156, in _propagate_event
    response = await router.propagate_event(update_type=update_type, event=event, **kwargs)
  File "/usr/local/lib/python3.9/dist-packages/aiogram/dispatcher/router.py", line 128, in propagate_event
    return await observer.wrap_outer_middleware(_wrapped, event=event, data=kwargs)
  File "/usr/local/lib/python3.9/dist-packages/aiogram/dispatcher/router.py", line 123, in _wrapped
    return await self._propagate_event(
  File "/usr/local/lib/python3.9/dist-packages/aiogram/dispatcher/router.py", line 148, in _propagate_event
    response = await observer.trigger(event, **kwargs)
  File "/usr/local/lib/python3.9/dist-packages/aiogram/dispatcher/event/telegram.py", line 121, in trigger
    return await wrapped_inner(event, kwargs)
  File "/usr/local/lib/python3.9/dist-packages/aiogram/dispatcher/event/handler.py", line 43, in call
    return await wrapped()
  File "/root/sberphoto365/handlers.py", line 39, in handle_photo
    await message.reply("Выбери дату съёмки фотографии:", reply_markup=keyboard)
  File "/usr/local/lib/python3.9/dist-packages/aiogram/methods/base.py", line 84, in emit
    return await bot(self)
  File "/usr/local/lib/python3.9/dist-packages/aiogram/client/bot.py", line 492, in __call__
    return await self.session(self, method, timeout=request_timeout)
  File "/usr/local/lib/python3.9/dist-packages/aiogram/client/session/base.py", line 254, in __call__
    return cast(TelegramType, await middleware(bot, method))
  File "/usr/local/lib/python3.9/dist-packages/aiogram/client/session/aiohttp.py", line 178, in make_request
    response = self.check_response(
  File "/usr/local/lib/python3.9/dist-packages/aiogram/client/session/base.py", line 120, in check_response
    raise TelegramBadRequest(method=method, message=description)
aiogram.exceptions.TelegramBadRequest: Telegram server says - Bad Request: BUTTON_DATA_INVALID
Received SIGTERM signal
🚀 Бот запускается...
Cause exception while process update id=200076343 by bot id=8180064444
TelegramBadRequest: Telegram server says - Bad Request: BUTTON_DATA_INVALID
Traceback (most recent call last):
  File "/usr/local/lib/python3.9/dist-packages/aiogram/dispatcher/dispatcher.py", line 309, in _process_update
    response = await self.feed_update(bot, update, **kwargs)
  File "/usr/local/lib/python3.9/dist-packages/aiogram/dispatcher/dispatcher.py", line 158, in feed_update
    response = await self.update.wrap_outer_middleware(
  File "/usr/local/lib/python3.9/dist-packages/aiogram/dispatcher/middlewares/error.py", line 25, in __call__
    return await handler(event, data)
  File "/usr/local/lib/python3.9/dist-packages/aiogram/dispatcher/middlewares/user_context.py", line 27, in __call__
    return await handler(event, data)
  File "/usr/local/lib/python3.9/dist-packages/aiogram/fsm/middleware.py", line 41, in __call__
    return await handler(event, data)
  File "/usr/local/lib/python3.9/dist-packages/aiogram/dispatcher/event/telegram.py", line 121, in trigger
    return await wrapped_inner(event, kwargs)
  File "/usr/local/lib/python3.9/dist-packages/aiogram/dispatcher/event/handler.py", line 43, in call
    return await wrapped()
  File "/usr/local/lib/python3.9/dist-packages/aiogram/dispatcher/dispatcher.py", line 276, in _listen_update
    return await self.propagate_event(update_type=update_type, event=event, **kwargs)
  File "/usr/local/lib/python3.9/dist-packages/aiogram/dispatcher/router.py", line 128, in propagate_event
    return await observer.wrap_outer_middleware(_wrapped, event=event, data=kwargs)
  File "/usr/local/lib/python3.9/dist-packages/aiogram/dispatcher/router.py", line 123, in _wrapped
    return await self._propagate_event(
  File "/usr/local/lib/python3.9/dist-packages/aiogram/dispatcher/router.py", line 156, in _propagate_event
    response = await router.propagate_event(update_type=update_type, event=event, **kwargs)
  File "/usr/local/lib/python3.9/dist-packages/aiogram/dispatcher/router.py", line 128, in propagate_event
    return await observer.wrap_outer_middleware(_wrapped, event=event, data=kwargs)
  File "/usr/local/lib/python3.9/dist-packages/aiogram/dispatcher/router.py", line 123, in _wrapped
    return await self._propagate_event(
  File "/usr/local/lib/python3.9/dist-packages/aiogram/dispatcher/router.py", line 148, in _propagate_event
    response = await observer.trigger(event, **kwargs)
  File "/usr/local/lib/python3.9/dist-packages/aiogram/dispatcher/event/telegram.py", line 121, in trigger
    return await wrapped_inner(event, kwargs)
  File "/usr/local/lib/python3.9/dist-packages/aiogram/dispatcher/event/handler.py", line 43, in call
    return await wrapped()
  File "/root/sberphoto365/handlers.py", line 39, in handle_photo
    await message.reply("Выбери дату съёмки фотографии:", reply_markup=keyboard)
  File "/usr/local/lib/python3.9/dist-packages/aiogram/methods/base.py", line 84, in emit
    return await bot(self)
  File "/usr/local/lib/python3.9/dist-packages/aiogram/client/bot.py", line 492, in __call__
    return await self.session(self, method, timeout=request_timeout)
  File "/usr/local/lib/python3.9/dist-packages/aiogram/client/session/base.py", line 254, in __call__
    return cast(TelegramType, await middleware(bot, method))
  File "/usr/local/lib/python3.9/dist-packages/aiogram/client/session/aiohttp.py", line 178, in make_request
    response = self.check_response(
  File "/usr/local/lib/python3.9/dist-packages/aiogram/client/session/base.py", line 120, in check_response
    raise TelegramBadRequest(method=method, message=description)
aiogram.exceptions.TelegramBadRequest: Telegram server says - Bad Request: BUTTON_DATA_INVALID
Cause exception while process update id=200076342 by bot id=8180064444
TelegramBadRequest: Telegram server says - Bad Request: BUTTON_DATA_INVALID
Traceback (most recent call last):
  File "/usr/local/lib/python3.9/dist-packages/aiogram/dispatcher/dispatcher.py", line 309, in _process_update
    response = await self.feed_update(bot, update, **kwargs)
  File "/usr/local/lib/python3.9/dist-packages/aiogram/dispatcher/dispatcher.py", line 158, in feed_update
    response = await self.update.wrap_outer_middleware(
  File "/usr/local/lib/python3.9/dist-packages/aiogram/dispatcher/middlewares/error.py", line 25, in __call__
    return await handler(event, data)
  File "/usr/local/lib/python3.9/dist-packages/aiogram/dispatcher/middlewares/user_context.py", line 27, in __call__
    return await handler(event, data)
  File "/usr/local/lib/python3.9/dist-packages/aiogram/fsm/middleware.py", line 41, in __call__
    return await handler(event, data)
  File "/usr/local/lib/python3.9/dist-packages/aiogram/dispatcher/event/telegram.py", line 121, in trigger
    return await wrapped_inner(event, kwargs)
  File "/usr/local/lib/python3.9/dist-packages/aiogram/dispatcher/event/handler.py", line 43, in call
    return await wrapped()
  File "/usr/local/lib/python3.9/dist-packages/aiogram/dispatcher/dispatcher.py", line 276, in _listen_update
    return await self.propagate_event(update_type=update_type, event=event, **kwargs)
  File "/usr/local/lib/python3.9/dist-packages/aiogram/dispatcher/router.py", line 128, in propagate_event
    return await observer.wrap_outer_middleware(_wrapped, event=event, data=kwargs)
  File "/usr/local/lib/python3.9/dist-packages/aiogram/dispatcher/router.py", line 123, in _wrapped
    return await self._propagate_event(
  File "/usr/local/lib/python3.9/dist-packages/aiogram/dispatcher/router.py", line 156, in _propagate_event
    response = await router.propagate_event(update_type=update_type, event=event, **kwargs)
  File "/usr/local/lib/python3.9/dist-packages/aiogram/dispatcher/router.py", line 128, in propagate_event
    return await observer.wrap_outer_middleware(_wrapped, event=event, data=kwargs)
  File "/usr/local/lib/python3.9/dist-packages/aiogram/dispatcher/router.py", line 123, in _wrapped
    return await self._propagate_event(
  File "/usr/local/lib/python3.9/dist-packages/aiogram/dispatcher/router.py", line 148, in _propagate_event
    response = await observer.trigger(event, **kwargs)
  File "/usr/local/lib/python3.9/dist-packages/aiogram/dispatcher/event/telegram.py", line 121, in trigger
    return await wrapped_inner(event, kwargs)
  File "/usr/local/lib/python3.9/dist-packages/aiogram/dispatcher/event/handler.py", line 43, in call
    return await wrapped()
  File "/root/sberphoto365/handlers.py", line 39, in handle_photo
    await message.reply("Выбери дату съёмки фотографии:", reply_markup=keyboard)
  File "/usr/local/lib/python3.9/dist-packages/aiogram/methods/base.py", line 84, in emit
    return await bot(self)
  File "/usr/local/lib/python3.9/dist-packages/aiogram/client/bot.py", line 492, in __call__
    return await self.session(self, method, timeout=request_timeout)
  File "/usr/local/lib/python3.9/dist-packages/aiogram/client/session/base.py", line 254, in __call__
    return cast(TelegramType, await middleware(bot, method))
  File "/usr/local/lib/python3.9/dist-packages/aiogram/client/session/aiohttp.py", line 178, in make_request
    response = self.check_response(
  File "/usr/local/lib/python3.9/dist-packages/aiogram/client/session/base.py", line 120, in check_response
    raise TelegramBadRequest(method=method, message=description)
aiogram.exceptions.TelegramBadRequest: Telegram server says - Bad Request: BUTTON_DATA_INVALID
Received SIGTERM signal
🚀 Бот запускается...
Received SIGTERM signal
🚀 Бот запускается...
WARNING:aiogram.dispatcher:Received SIGTERM signal
🚀 Бот запускается...
WARNING:aiogram.dispatcher:Received SIGTERM signal
🚀 Бот запускается...
Failed to fetch updates - TelegramConflictError: Telegram server says - Conflict: terminated by other getUpdates request; make sure that only one bot instance is running
Sleep for 1.000000 seconds and try again... (tryings = 0, bot id = 8180064444)
Failed to fetch updates - TelegramConflictError: Telegram server says - Conflict: terminated by other getUpdates request; make sure that only one bot instance is running
Sleep for 1.377471 seconds and try again... (tryings = 1, bot id = 8180064444)
Failed to fetch updates - TelegramConflictError: Telegram server says - Conflict: terminated by other getUpdates request; make sure that only one bot instance is running
Sleep for 1.824772 seconds and try again... (tryings = 2, bot id = 8180064444)
Failed to fetch updates - TelegramConflictError: Telegram server says - Conflict: terminated by other getUpdates request; make sure that only one bot instance is running
Sleep for 2.297748 seconds and try again... (tryings = 3, bot id = 8180064444)
Failed to fetch updates - TelegramConflictError: Telegram server says - Conflict: terminated by other getUpdates request; make sure that only one bot instance is running
Sleep for 3.198651 seconds and try again... (tryings = 4, bot id = 8180064444)
Failed to fetch updates - TelegramConflictError: Telegram server says - Conflict: terminated by other getUpdates request; make sure that only one bot instance is running
Sleep for 4.291031 seconds and try again... (tryings = 5, bot id = 8180064444)
Received SIGTERM signal
🚀 Бот запускается...
Failed to fetch updates - TelegramConflictError: Telegram server says - Conflict: terminated by other getUpdates request; make sure that only one bot instance is running
Sleep for 1.000000 seconds and try again... (tryings = 0, bot id = 8180064444)
Failed to fetch updates - TelegramConflictError: Telegram server says - Conflict: terminated by other getUpdates request; make sure that only one bot instance is running
Sleep for 1.462648 seconds and try again... (tryings = 1, bot id = 8180064444)
Failed to fetch updates - TelegramConflictError: Telegram server says - Conflict: terminated by other getUpdates request; make sure that only one bot instance is running
Sleep for 1.927338 seconds and try again... (tryings = 2, bot id = 8180064444)
Failed to fetch updates - TelegramConflictError: Telegram server says - Conflict: terminated by other getUpdates request; make sure that only one bot instance is running
Sleep for 2.509090 seconds and try again... (tryings = 3, bot id = 8180064444)
Failed to fetch updates - TelegramConflictError: Telegram server says - Conflict: terminated by other getUpdates request; make sure that only one bot instance is running
Sleep for 3.338142 seconds and try again... (tryings = 4, bot id = 8180064444)
Failed to fetch updates - TelegramConflictError: Telegram server says - Conflict: terminated by other getUpdates request; make sure that only one bot instance is running
Sleep for 4.297511 seconds and try again... (tryings = 5, bot id = 8180064444)
Received SIGTERM signal
Traceback (most recent call last):
  File "/root/sberphoto365/bot.py", line 3, in <module>
    from handlers import router
  File "/root/sberphoto365/handlers.py", line 15, in <module>
    @router.message(Command("start"))
NameError: name 'Command' is not defined
Traceback (most recent call last):
  File "/root/sberphoto365/bot.py", line 3, in <module>
    from handlers import router
  File "/root/sberphoto365/handlers.py", line 15, in <module>
    @router.message(Command("start"))
NameError: name 'Command' is not defined
Traceback (most recent call last):
  File "/root/sberphoto365/bot.py", line 3, in <module>
    from handlers import router
  File "/root/sberphoto365/handlers.py", line 15, in <module>
    @router.message(Command("start"))
NameError: name 'Command' is not defined
Traceback (most recent call last):
  File "/root/sberphoto365/bot.py", line 3, in <module>
    from handlers import router
  File "/root/sberphoto365/handlers.py", line 15, in <module>
    @router.message(Command("start"))
NameError: name 'Command' is not defined
Traceback (most recent call last):
  File "/root/sberphoto365/bot.py", line 3, in <module>
    from handlers import router
  File "/root/sberphoto365/handlers.py", line 15, in <module>
    @router.message(Command("start"))
NameError: name 'Command' is not defined
Traceback (most recent call last):
  File "/root/sberphoto365/bot.py", line 3, in <module>
    from handlers import router
  File "/root/sberphoto365/handlers.py", line 15, in <module>
    @router.message(Command("start"))
NameError: name 'Command' is not defined
Traceback (most recent call last):
  File "/root/sberphoto365/bot.py", line 3, in <module>
    from handlers import router
  File "/root/sberphoto365/handlers.py", line 15, in <module>
    @router.message(Command("start"))
NameError: name 'Command' is not defined
Traceback (most recent call last):
  File "/root/sberphoto365/bot.py", line 3, in <module>
    from handlers import router
  File "/root/sberphoto365/handlers.py", line 15, in <module>
    @router.message(Command("start"))
NameError: name 'Command' is not defined
Traceback (most recent call last):
  File "/root/sberphoto365/bot.py", line 3, in <module>
    from handlers import router
  File "/root/sberphoto365/handlers.py", line 15, in <module>
    @router.message(Command("start"))
NameError: name 'Command' is not defined
Traceback (most recent call last):
  File "/root/sberphoto365/bot.py", line 3, in <module>
    from handlers import router
  File "/root/sberphoto365/handlers.py", line 15, in <module>
    @router.message(Command("start"))
NameError: name 'Command' is not defined
Traceback (most recent call last):
  File "/root/sberphoto365/bot.py", line 3, in <module>
    from handlers import router
  File "/root/sberphoto365/handlers.py", line 15, in <module>
    @router.message(Command("start"))
NameError: name 'Command' is not defined
🚀 Бот запускается...
WARNING:aiogram.dispatcher:Received SIGTERM signal
WARNING:root:✅ handlers.py ИМПОРТИРОВАН
🚀 Бот запускается...
WARNING:aiogram.dispatcher:Received SIGTERM signal
WARNING:root:✅ handlers.py ИМПОРТИРОВАН
🚀 Бот запускается...
WARNING:aiogram.dispatcher:Received SIGTERM signal
🚀 Бот запускается...
Received SIGTERM signal
🚀 Бот запускается...
WARNING:aiogram.dispatcher:Received SIGTERM signal
🚀 Бот запускается...
ERROR:aiogram.event:Cause exception while process update id=200076392 by bot id=8180064444
TelegramBadRequest: Telegram server says - Bad Request: BUTTON_DATA_INVALID
Traceback (most recent call last):
  File "/usr/local/lib/python3.9/dist-packages/aiogram/dispatcher/dispatcher.py", line 309, in _process_update
    response = await self.feed_update(bot, update, **kwargs)
  File "/usr/local/lib/python3.9/dist-packages/aiogram/dispatcher/dispatcher.py", line 158, in feed_update
    response = await self.update.wrap_outer_middleware(
  File "/usr/local/lib/python3.9/dist-packages/aiogram/dispatcher/middlewares/error.py", line 25, in __call__
    return await handler(event, data)
  File "/usr/local/lib/python3.9/dist-packages/aiogram/dispatcher/middlewares/user_context.py", line 27, in __call__
    return await handler(event, data)
  File "/usr/local/lib/python3.9/dist-packages/aiogram/fsm/middleware.py", line 41, in __call__
    return await handler(event, data)
  File "/usr/local/lib/python3.9/dist-packages/aiogram/dispatcher/event/telegram.py", line 121, in trigger
    return await wrapped_inner(event, kwargs)
  File "/usr/local/lib/python3.9/dist-packages/aiogram/dispatcher/event/handler.py", line 43, in call
    return await wrapped()
  File "/usr/local/lib/python3.9/dist-packages/aiogram/dispatcher/dispatcher.py", line 276, in _listen_update
    return await self.propagate_event(update_type=update_type, event=event, **kwargs)
  File "/usr/local/lib/python3.9/dist-packages/aiogram/dispatcher/router.py", line 128, in propagate_event
    return await observer.wrap_outer_middleware(_wrapped, event=event, data=kwargs)
  File "/usr/local/lib/python3.9/dist-packages/aiogram/dispatcher/router.py", line 123, in _wrapped
    return await self._propagate_event(
  File "/usr/local/lib/python3.9/dist-packages/aiogram/dispatcher/router.py", line 156, in _propagate_event
    response = await router.propagate_event(update_type=update_type, event=event, **kwargs)
  File "/usr/local/lib/python3.9/dist-packages/aiogram/dispatcher/router.py", line 128, in propagate_event
    return await observer.wrap_outer_middleware(_wrapped, event=event, data=kwargs)
  File "/usr/local/lib/python3.9/dist-packages/aiogram/dispatcher/router.py", line 123, in _wrapped
    return await self._propagate_event(
  File "/usr/local/lib/python3.9/dist-packages/aiogram/dispatcher/router.py", line 148, in _propagate_event
    response = await observer.trigger(event, **kwargs)
  File "/usr/local/lib/python3.9/dist-packages/aiogram/dispatcher/event/telegram.py", line 121, in trigger
    return await wrapped_inner(event, kwargs)
  File "/usr/local/lib/python3.9/dist-packages/aiogram/dispatcher/event/handler.py", line 43, in call
    return await wrapped()
  File "/root/sberphoto365/handlers.py", line 150, in process_date_choice
    await bot.send_photo(CHANNEL_ID, file_id, caption=caption, reply_markup=vote_keyboard)
  File "/usr/local/lib/python3.9/dist-packages/aiogram/client/bot.py", line 2881, in send_photo
    return await self(call, request_timeout=request_timeout)
  File "/usr/local/lib/python3.9/dist-packages/aiogram/client/bot.py", line 492, in __call__
    return await self.session(self, method, timeout=request_timeout)
  File "/usr/local/lib/python3.9/dist-packages/aiogram/client/session/base.py", line 254, in __call__
    return cast(TelegramType, await middleware(bot, method))
  File "/usr/local/lib/python3.9/dist-packages/aiogram/client/session/aiohttp.py", line 178, in make_request
    response = self.check_response(
  File "/usr/local/lib/python3.9/dist-packages/aiogram/client/session/base.py", line 120, in check_response
    raise TelegramBadRequest(method=method, message=description)
aiogram.exceptions.TelegramBadRequest: Telegram server says - Bad Request: BUTTON_DATA_INVALID
ERROR:aiogram.event:Cause exception while process update id=200076397 by bot id=8180064444
TelegramBadRequest: Telegram server says - Bad Request: BUTTON_DATA_INVALID
Traceback (most recent call last):
  File "/usr/local/lib/python3.9/dist-packages/aiogram/dispatcher/dispatcher.py", line 309, in _process_update
    response = await self.feed_update(bot, update, **kwargs)
  File "/usr/local/lib/python3.9/dist-packages/aiogram/dispatcher/dispatcher.py", line 158, in feed_update
    response = await self.update.wrap_outer_middleware(
  File "/usr/local/lib/python3.9/dist-packages/aiogram/dispatcher/middlewares/error.py", line 25, in __call__
    return await handler(event, data)
  File "/usr/local/lib/python3.9/dist-packages/aiogram/dispatcher/middlewares/user_context.py", line 27, in __call__
    return await handler(event, data)
  File "/usr/local/lib/python3.9/dist-packages/aiogram/fsm/middleware.py", line 41, in __call__
    return await handler(event, data)
  File "/usr/local/lib/python3.9/dist-packages/aiogram/dispatcher/event/telegram.py", line 121, in trigger
    return await wrapped_inner(event, kwargs)
  File "/usr/local/lib/python3.9/dist-packages/aiogram/dispatcher/event/handler.py", line 43, in call
    return await wrapped()
  File "/usr/local/lib/python3.9/dist-packages/aiogram/dispatcher/dispatcher.py", line 276, in _listen_update
    return await self.propagate_event(update_type=update_type, event=event, **kwargs)
  File "/usr/local/lib/python3.9/dist-packages/aiogram/dispatcher/router.py", line 128, in propagate_event
    return await observer.wrap_outer_middleware(_wrapped, event=event, data=kwargs)
  File "/usr/local/lib/python3.9/dist-packages/aiogram/dispatcher/router.py", line 123, in _wrapped
    return await self._propagate_event(
  File "/usr/local/lib/python3.9/dist-packages/aiogram/dispatcher/router.py", line 156, in _propagate_event
    response = await router.propagate_event(update_type=update_type, event=event, **kwargs)
  File "/usr/local/lib/python3.9/dist-packages/aiogram/dispatcher/router.py", line 128, in propagate_event
    return await observer.wrap_outer_middleware(_wrapped, event=event, data=kwargs)
  File "/usr/local/lib/python3.9/dist-packages/aiogram/dispatcher/router.py", line 123, in _wrapped
    return await self._propagate_event(
  File "/usr/local/lib/python3.9/dist-packages/aiogram/dispatcher/router.py", line 148, in _propagate_event
    response = await observer.trigger(event, **kwargs)
  File "/usr/local/lib/python3.9/dist-packages/aiogram/dispatcher/event/telegram.py", line 121, in trigger
    return await wrapped_inner(event, kwargs)
  File "/usr/local/lib/python3.9/dist-packages/aiogram/dispatcher/event/handler.py", line 43, in call
    return await wrapped()
  File "/root/sberphoto365/handlers.py", line 150, in process_date_choice
    await bot.send_photo(CHANNEL_ID, file_id, caption=caption, reply_markup=vote_keyboard)
  File "/usr/local/lib/python3.9/dist-packages/aiogram/client/bot.py", line 2881, in send_photo
    return await self(call, request_timeout=request_timeout)
  File "/usr/local/lib/python3.9/dist-packages/aiogram/client/bot.py", line 492, in __call__
    return await self.session(self, method, timeout=request_timeout)
  File "/usr/local/lib/python3.9/dist-packages/aiogram/client/session/base.py", line 254, in __call__
    return cast(TelegramType, await middleware(bot, method))
  File "/usr/local/lib/python3.9/dist-packages/aiogram/client/session/aiohttp.py", line 178, in make_request
    response = self.check_response(
  File "/usr/local/lib/python3.9/dist-packages/aiogram/client/session/base.py", line 120, in check_response
    raise TelegramBadRequest(method=method, message=description)
aiogram.exceptions.TelegramBadRequest: Telegram server says - Bad Request: BUTTON_DATA_INVALID
WARNING:aiogram.dispatcher:Received SIGTERM signal
🚀 Бот запускается...
Cause exception while process update id=200076400 by bot id=8180064444
TelegramBadRequest: Telegram server says - Bad Request: BUTTON_DATA_INVALID
Traceback (most recent call last):
  File "/usr/local/lib/python3.9/dist-packages/aiogram/dispatcher/dispatcher.py", line 309, in _process_update
    response = await self.feed_update(bot, update, **kwargs)
  File "/usr/local/lib/python3.9/dist-packages/aiogram/dispatcher/dispatcher.py", line 158, in feed_update
    response = await self.update.wrap_outer_middleware(
  File "/usr/local/lib/python3.9/dist-packages/aiogram/dispatcher/middlewares/error.py", line 25, in __call__
    return await handler(event, data)
  File "/usr/local/lib/python3.9/dist-packages/aiogram/dispatcher/middlewares/user_context.py", line 27, in __call__
    return await handler(event, data)
  File "/usr/local/lib/python3.9/dist-packages/aiogram/fsm/middleware.py", line 41, in __call__
    return await handler(event, data)
  File "/usr/local/lib/python3.9/dist-packages/aiogram/dispatcher/event/telegram.py", line 121, in trigger
    return await wrapped_inner(event, kwargs)
  File "/usr/local/lib/python3.9/dist-packages/aiogram/dispatcher/event/handler.py", line 43, in call
    return await wrapped()
  File "/usr/local/lib/python3.9/dist-packages/aiogram/dispatcher/dispatcher.py", line 276, in _listen_update
    return await self.propagate_event(update_type=update_type, event=event, **kwargs)
  File "/usr/local/lib/python3.9/dist-packages/aiogram/dispatcher/router.py", line 128, in propagate_event
    return await observer.wrap_outer_middleware(_wrapped, event=event, data=kwargs)
  File "/usr/local/lib/python3.9/dist-packages/aiogram/dispatcher/router.py", line 123, in _wrapped
    return await self._propagate_event(
  File "/usr/local/lib/python3.9/dist-packages/aiogram/dispatcher/router.py", line 156, in _propagate_event
    response = await router.propagate_event(update_type=update_type, event=event, **kwargs)
  File "/usr/local/lib/python3.9/dist-packages/aiogram/dispatcher/router.py", line 128, in propagate_event
    return await observer.wrap_outer_middleware(_wrapped, event=event, data=kwargs)
  File "/usr/local/lib/python3.9/dist-packages/aiogram/dispatcher/router.py", line 123, in _wrapped
    return await self._propagate_event(
  File "/usr/local/lib/python3.9/dist-packages/aiogram/dispatcher/router.py", line 148, in _propagate_event
    response = await observer.trigger(event, **kwargs)
  File "/usr/local/lib/python3.9/dist-packages/aiogram/dispatcher/event/telegram.py", line 121, in trigger
    return await wrapped_inner(event, kwargs)
  File "/usr/local/lib/python3.9/dist-packages/aiogram/dispatcher/event/handler.py", line 43, in call
    return await wrapped()
  File "/root/sberphoto365/handlers.py", line 69, in handle_photo
    await message.reply("Выбери дату съёмки фотографии:", reply_markup=keyboard)
  File "/usr/local/lib/python3.9/dist-packages/aiogram/methods/base.py", line 84, in emit
    return await bot(self)
  File "/usr/local/lib/python3.9/dist-packages/aiogram/client/bot.py", line 492, in __call__
    return await self.session(self, method, timeout=request_timeout)
  File "/usr/local/lib/python3.9/dist-packages/aiogram/client/session/base.py", line 254, in __call__
    return cast(TelegramType, await middleware(bot, method))
  File "/usr/local/lib/python3.9/dist-packages/aiogram/client/session/aiohttp.py", line 178, in make_request
    response = self.check_response(
  File "/usr/local/lib/python3.9/dist-packages/aiogram/client/session/base.py", line 120, in check_response
    raise TelegramBadRequest(method=method, message=description)
aiogram.exceptions.TelegramBadRequest: Telegram server says - Bad Request: BUTTON_DATA_INVALID
ERROR:aiogram.event:Cause exception while process update id=200076402 by bot id=8180064444
TelegramBadRequest: Telegram server says - Bad Request: BUTTON_DATA_INVALID
Traceback (most recent call last):
  File "/usr/local/lib/python3.9/dist-packages/aiogram/dispatcher/dispatcher.py", line 309, in _process_update
    response = await self.feed_update(bot, update, **kwargs)
  File "/usr/local/lib/python3.9/dist-packages/aiogram/dispatcher/dispatcher.py", line 158, in feed_update
    response = await self.update.wrap_outer_middleware(
  File "/usr/local/lib/python3.9/dist-packages/aiogram/dispatcher/middlewares/error.py", line 25, in __call__
    return await handler(event, data)
  File "/usr/local/lib/python3.9/dist-packages/aiogram/dispatcher/middlewares/user_context.py", line 27, in __call__
    return await handler(event, data)
  File "/usr/local/lib/python3.9/dist-packages/aiogram/fsm/middleware.py", line 41, in __call__
    return await handler(event, data)
  File "/usr/local/lib/python3.9/dist-packages/aiogram/dispatcher/event/telegram.py", line 121, in trigger
    return await wrapped_inner(event, kwargs)
  File "/usr/local/lib/python3.9/dist-packages/aiogram/dispatcher/event/handler.py", line 43, in call
    return await wrapped()
  File "/usr/local/lib/python3.9/dist-packages/aiogram/dispatcher/dispatcher.py", line 276, in _listen_update
    return await self.propagate_event(update_type=update_type, event=event, **kwargs)
  File "/usr/local/lib/python3.9/dist-packages/aiogram/dispatcher/router.py", line 128, in propagate_event
    return await observer.wrap_outer_middleware(_wrapped, event=event, data=kwargs)
  File "/usr/local/lib/python3.9/dist-packages/aiogram/dispatcher/router.py", line 123, in _wrapped
    return await self._propagate_event(
  File "/usr/local/lib/python3.9/dist-packages/aiogram/dispatcher/router.py", line 156, in _propagate_event
    response = await router.propagate_event(update_type=update_type, event=event, **kwargs)
  File "/usr/local/lib/python3.9/dist-packages/aiogram/dispatcher/router.py", line 128, in propagate_event
    return await observer.wrap_outer_middleware(_wrapped, event=event, data=kwargs)
  File "/usr/local/lib/python3.9/dist-packages/aiogram/dispatcher/router.py", line 123, in _wrapped
    return await self._propagate_event(
  File "/usr/local/lib/python3.9/dist-packages/aiogram/dispatcher/router.py", line 148, in _propagate_event
    response = await observer.trigger(event, **kwargs)
  File "/usr/local/lib/python3.9/dist-packages/aiogram/dispatcher/event/telegram.py", line 121, in trigger
    return await wrapped_inner(event, kwargs)
  File "/usr/local/lib/python3.9/dist-packages/aiogram/dispatcher/event/handler.py", line 43, in call
    return await wrapped()
  File "/root/sberphoto365/handlers.py", line 69, in handle_photo
    await message.reply("Выбери дату съёмки фотографии:", reply_markup=keyboard)
  File "/usr/local/lib/python3.9/dist-packages/aiogram/methods/base.py", line 84, in emit
    return await bot(self)
  File "/usr/local/lib/python3.9/dist-packages/aiogram/client/bot.py", line 492, in __call__
    return await self.session(self, method, timeout=request_timeout)
  File "/usr/local/lib/python3.9/dist-packages/aiogram/client/session/base.py", line 254, in __call__
    return cast(TelegramType, await middleware(bot, method))
  File "/usr/local/lib/python3.9/dist-packages/aiogram/client/session/aiohttp.py", line 178, in make_request
    response = self.check_response(
  File "/usr/local/lib/python3.9/dist-packages/aiogram/client/session/base.py", line 120, in check_response
    raise TelegramBadRequest(method=method, message=description)
aiogram.exceptions.TelegramBadRequest: Telegram server says - Bad Request: BUTTON_DATA_INVALID
WARNING:aiogram.dispatcher:Received SIGTERM signal
🚀 Бот запускается...
ERROR:aiogram.event:Cause exception while process update id=200076405 by bot id=8180064444
TelegramBadRequest: Telegram server says - Bad Request: BUTTON_DATA_INVALID
Traceback (most recent call last):
  File "/usr/local/lib/python3.9/dist-packages/aiogram/dispatcher/dispatcher.py", line 309, in _process_update
    response = await self.feed_update(bot, update, **kwargs)
  File "/usr/local/lib/python3.9/dist-packages/aiogram/dispatcher/dispatcher.py", line 158, in feed_update
    response = await self.update.wrap_outer_middleware(
  File "/usr/local/lib/python3.9/dist-packages/aiogram/dispatcher/middlewares/error.py", line 25, in __call__
    return await handler(event, data)
  File "/usr/local/lib/python3.9/dist-packages/aiogram/dispatcher/middlewares/user_context.py", line 27, in __call__
    return await handler(event, data)
  File "/usr/local/lib/python3.9/dist-packages/aiogram/fsm/middleware.py", line 41, in __call__
    return await handler(event, data)
  File "/usr/local/lib/python3.9/dist-packages/aiogram/dispatcher/event/telegram.py", line 121, in trigger
    return await wrapped_inner(event, kwargs)
  File "/usr/local/lib/python3.9/dist-packages/aiogram/dispatcher/event/handler.py", line 43, in call
    return await wrapped()
  File "/usr/local/lib/python3.9/dist-packages/aiogram/dispatcher/dispatcher.py", line 276, in _listen_update
    return await self.propagate_event(update_type=update_type, event=event, **kwargs)
  File "/usr/local/lib/python3.9/dist-packages/aiogram/dispatcher/router.py", line 128, in propagate_event
    return await observer.wrap_outer_middleware(_wrapped, event=event, data=kwargs)
  File "/usr/local/lib/python3.9/dist-packages/aiogram/dispatcher/router.py", line 123, in _wrapped
    return await self._propagate_event(
  File "/usr/local/lib/python3.9/dist-packages/aiogram/dispatcher/router.py", line 156, in _propagate_event
    response = await router.propagate_event(update_type=update_type, event=event, **kwargs)
  File "/usr/local/lib/python3.9/dist-packages/aiogram/dispatcher/router.py", line 128, in propagate_event
    return await observer.wrap_outer_middleware(_wrapped, event=event, data=kwargs)
  File "/usr/local/lib/python3.9/dist-packages/aiogram/dispatcher/router.py", line 123, in _wrapped
    return await self._propagate_event(
  File "/usr/local/lib/python3.9/dist-packages/aiogram/dispatcher/router.py", line 148, in _propagate_event
    response = await observer.trigger(event, **kwargs)
  File "/usr/local/lib/python3.9/dist-packages/aiogram/dispatcher/event/telegram.py", line 121, in trigger
    return await wrapped_inner(event, kwargs)
  File "/usr/local/lib/python3.9/dist-packages/aiogram/dispatcher/event/handler.py", line 43, in call
    return await wrapped()
  File "/root/sberphoto365/handlers.py", line 45, in handle_photo
    await message.reply("Выбери дату съёмки фотографии:", reply_markup=keyboard)
  File "/usr/local/lib/python3.9/dist-packages/aiogram/methods/base.py", line 84, in emit
    return await bot(self)
  File "/usr/local/lib/python3.9/dist-packages/aiogram/client/bot.py", line 492, in __call__
    return await self.session(self, method, timeout=request_timeout)
  File "/usr/local/lib/python3.9/dist-packages/aiogram/client/session/base.py", line 254, in __call__
    return cast(TelegramType, await middleware(bot, method))
  File "/usr/local/lib/python3.9/dist-packages/aiogram/client/session/aiohttp.py", line 178, in make_request
    response = self.check_response(
  File "/usr/local/lib/python3.9/dist-packages/aiogram/client/session/base.py", line 120, in check_response
    raise TelegramBadRequest(method=method, message=description)
aiogram.exceptions.TelegramBadRequest: Telegram server says - Bad Request: BUTTON_DATA_INVALID
WARNING:aiogram.dispatcher:Received SIGTERM signal
🚀 Бот запускается...
Cause exception while process update id=200076408 by bot id=8180064444
TelegramBadRequest: Telegram server says - Bad Request: BUTTON_DATA_INVALID
Traceback (most recent call last):
  File "/usr/local/lib/python3.9/dist-packages/aiogram/dispatcher/dispatcher.py", line 309, in _process_update
    response = await self.feed_update(bot, update, **kwargs)
  File "/usr/local/lib/python3.9/dist-packages/aiogram/dispatcher/dispatcher.py", line 158, in feed_update
    response = await self.update.wrap_outer_middleware(
  File "/usr/local/lib/python3.9/dist-packages/aiogram/dispatcher/middlewares/error.py", line 25, in __call__
    return await handler(event, data)
  File "/usr/local/lib/python3.9/dist-packages/aiogram/dispatcher/middlewares/user_context.py", line 27, in __call__
    return await handler(event, data)
  File "/usr/local/lib/python3.9/dist-packages/aiogram/fsm/middleware.py", line 41, in __call__
    return await handler(event, data)
  File "/usr/local/lib/python3.9/dist-packages/aiogram/dispatcher/event/telegram.py", line 121, in trigger
    return await wrapped_inner(event, kwargs)
  File "/usr/local/lib/python3.9/dist-packages/aiogram/dispatcher/event/handler.py", line 43, in call
    return await wrapped()
  File "/usr/local/lib/python3.9/dist-packages/aiogram/dispatcher/dispatcher.py", line 276, in _listen_update
    return await self.propagate_event(update_type=update_type, event=event, **kwargs)
  File "/usr/local/lib/python3.9/dist-packages/aiogram/dispatcher/router.py", line 128, in propagate_event
    return await observer.wrap_outer_middleware(_wrapped, event=event, data=kwargs)
  File "/usr/local/lib/python3.9/dist-packages/aiogram/dispatcher/router.py", line 123, in _wrapped
    return await self._propagate_event(
  File "/usr/local/lib/python3.9/dist-packages/aiogram/dispatcher/router.py", line 156, in _propagate_event
    response = await router.propagate_event(update_type=update_type, event=event, **kwargs)
  File "/usr/local/lib/python3.9/dist-packages/aiogram/dispatcher/router.py", line 128, in propagate_event
    return await observer.wrap_outer_middleware(_wrapped, event=event, data=kwargs)
  File "/usr/local/lib/python3.9/dist-packages/aiogram/dispatcher/router.py", line 123, in _wrapped
    return await self._propagate_event(
  File "/usr/local/lib/python3.9/dist-packages/aiogram/dispatcher/router.py", line 148, in _propagate_event
    response = await observer.trigger(event, **kwargs)
  File "/usr/local/lib/python3.9/dist-packages/aiogram/dispatcher/event/telegram.py", line 121, in trigger
    return await wrapped_inner(event, kwargs)
  File "/usr/local/lib/python3.9/dist-packages/aiogram/dispatcher/event/handler.py", line 43, in call
    return await wrapped()
  File "/root/sberphoto365/handlers.py", line 47, in handle_photo
    await message.reply("Выбери дату съёмки фотографии:", reply_markup=keyboard)
  File "/usr/local/lib/python3.9/dist-packages/aiogram/methods/base.py", line 84, in emit
    return await bot(self)
  File "/usr/local/lib/python3.9/dist-packages/aiogram/client/bot.py", line 492, in __call__
    return await self.session(self, method, timeout=request_timeout)
  File "/usr/local/lib/python3.9/dist-packages/aiogram/client/session/base.py", line 254, in __call__
    return cast(TelegramType, await middleware(bot, method))
  File "/usr/local/lib/python3.9/dist-packages/aiogram/client/session/aiohttp.py", line 178, in make_request
    response = self.check_response(
  File "/usr/local/lib/python3.9/dist-packages/aiogram/client/session/base.py", line 120, in check_response
    raise TelegramBadRequest(method=method, message=description)
aiogram.exceptions.TelegramBadRequest: Telegram server says - Bad Request: BUTTON_DATA_INVALID
Received SIGTERM signal
🚀 Бот запускается...
📸 Получена фотография
WARNING:aiogram.dispatcher:Received SIGTERM signal
🚀 Бот запускается...
📸 Получена фотография
WARNING:aiogram.dispatcher:Received SIGTERM signal
🚀 Бот запускается...
📸 Получена фотография
📸 Получена фотография
WARNING:aiogram.dispatcher:Received SIGTERM signal
🚀 Бот запускается...
Cause exception while process update id=200076419 by bot id=8180064444
TelegramBadRequest: Telegram server says - Bad Request: BUTTON_DATA_INVALID
Traceback (most recent call last):
  File "/usr/local/lib/python3.9/dist-packages/aiogram/dispatcher/dispatcher.py", line 309, in _process_update
    response = await self.feed_update(bot, update, **kwargs)
  File "/usr/local/lib/python3.9/dist-packages/aiogram/dispatcher/dispatcher.py", line 158, in feed_update
    response = await self.update.wrap_outer_middleware(
  File "/usr/local/lib/python3.9/dist-packages/aiogram/dispatcher/middlewares/error.py", line 25, in __call__
    return await handler(event, data)
  File "/usr/local/lib/python3.9/dist-packages/aiogram/dispatcher/middlewares/user_context.py", line 27, in __call__
    return await handler(event, data)
  File "/usr/local/lib/python3.9/dist-packages/aiogram/fsm/middleware.py", line 41, in __call__
    return await handler(event, data)
  File "/usr/local/lib/python3.9/dist-packages/aiogram/dispatcher/event/telegram.py", line 121, in trigger
    return await wrapped_inner(event, kwargs)
  File "/usr/local/lib/python3.9/dist-packages/aiogram/dispatcher/event/handler.py", line 43, in call
    return await wrapped()
  File "/usr/local/lib/python3.9/dist-packages/aiogram/dispatcher/dispatcher.py", line 276, in _listen_update
    return await self.propagate_event(update_type=update_type, event=event, **kwargs)
  File "/usr/local/lib/python3.9/dist-packages/aiogram/dispatcher/router.py", line 128, in propagate_event
    return await observer.wrap_outer_middleware(_wrapped, event=event, data=kwargs)
  File "/usr/local/lib/python3.9/dist-packages/aiogram/dispatcher/router.py", line 123, in _wrapped
    return await self._propagate_event(
  File "/usr/local/lib/python3.9/dist-packages/aiogram/dispatcher/router.py", line 156, in _propagate_event
    response = await router.propagate_event(update_type=update_type, event=event, **kwargs)
  File "/usr/local/lib/python3.9/dist-packages/aiogram/dispatcher/router.py", line 128, in propagate_event
    return await observer.wrap_outer_middleware(_wrapped, event=event, data=kwargs)
  File "/usr/local/lib/python3.9/dist-packages/aiogram/dispatcher/router.py", line 123, in _wrapped
    return await self._propagate_event(
  File "/usr/local/lib/python3.9/dist-packages/aiogram/dispatcher/router.py", line 148, in _propagate_event
    response = await observer.trigger(event, **kwargs)
  File "/usr/local/lib/python3.9/dist-packages/aiogram/dispatcher/event/telegram.py", line 121, in trigger
    return await wrapped_inner(event, kwargs)
  File "/usr/local/lib/python3.9/dist-packages/aiogram/dispatcher/event/handler.py", line 43, in call
    return await wrapped()
  File "/root/sberphoto365/handlers.py", line 47, in handle_photo
    await message.reply("Выбери дату съёмки фотографии:", reply_markup=keyboard)
  File "/usr/local/lib/python3.9/dist-packages/aiogram/methods/base.py", line 84, in emit
    return await bot(self)
  File "/usr/local/lib/python3.9/dist-packages/aiogram/client/bot.py", line 492, in __call__
    return await self.session(self, method, timeout=request_timeout)
  File "/usr/local/lib/python3.9/dist-packages/aiogram/client/session/base.py", line 254, in __call__
    return cast(TelegramType, await middleware(bot, method))
  File "/usr/local/lib/python3.9/dist-packages/aiogram/client/session/aiohttp.py", line 178, in make_request
    response = self.check_response(
  File "/usr/local/lib/python3.9/dist-packages/aiogram/client/session/base.py", line 120, in check_response
    raise TelegramBadRequest(method=method, message=description)
aiogram.exceptions.TelegramBadRequest: Telegram server says - Bad Request: BUTTON_DATA_INVALID
ERROR:aiogram.event:Cause exception while process update id=200076421 by bot id=8180064444
TelegramBadRequest: Telegram server says - Bad Request: BUTTON_DATA_INVALID
Traceback (most recent call last):
  File "/usr/local/lib/python3.9/dist-packages/aiogram/dispatcher/dispatcher.py", line 309, in _process_update
    response = await self.feed_update(bot, update, **kwargs)
  File "/usr/local/lib/python3.9/dist-packages/aiogram/dispatcher/dispatcher.py", line 158, in feed_update
    response = await self.update.wrap_outer_middleware(
  File "/usr/local/lib/python3.9/dist-packages/aiogram/dispatcher/middlewares/error.py", line 25, in __call__
    return await handler(event, data)
  File "/usr/local/lib/python3.9/dist-packages/aiogram/dispatcher/middlewares/user_context.py", line 27, in __call__
    return await handler(event, data)
  File "/usr/local/lib/python3.9/dist-packages/aiogram/fsm/middleware.py", line 41, in __call__
    return await handler(event, data)
  File "/usr/local/lib/python3.9/dist-packages/aiogram/dispatcher/event/telegram.py", line 121, in trigger
    return await wrapped_inner(event, kwargs)
  File "/usr/local/lib/python3.9/dist-packages/aiogram/dispatcher/event/handler.py", line 43, in call
    return await wrapped()
  File "/usr/local/lib/python3.9/dist-packages/aiogram/dispatcher/dispatcher.py", line 276, in _listen_update
    return await self.propagate_event(update_type=update_type, event=event, **kwargs)
  File "/usr/local/lib/python3.9/dist-packages/aiogram/dispatcher/router.py", line 128, in propagate_event
    return await observer.wrap_outer_middleware(_wrapped, event=event, data=kwargs)
  File "/usr/local/lib/python3.9/dist-packages/aiogram/dispatcher/router.py", line 123, in _wrapped
    return await self._propagate_event(
  File "/usr/local/lib/python3.9/dist-packages/aiogram/dispatcher/router.py", line 156, in _propagate_event
    response = await router.propagate_event(update_type=update_type, event=event, **kwargs)
  File "/usr/local/lib/python3.9/dist-packages/aiogram/dispatcher/router.py", line 128, in propagate_event
    return await observer.wrap_outer_middleware(_wrapped, event=event, data=kwargs)
  File "/usr/local/lib/python3.9/dist-packages/aiogram/dispatcher/router.py", line 123, in _wrapped
    return await self._propagate_event(
  File "/usr/local/lib/python3.9/dist-packages/aiogram/dispatcher/router.py", line 148, in _propagate_event
    response = await observer.trigger(event, **kwargs)
  File "/usr/local/lib/python3.9/dist-packages/aiogram/dispatcher/event/telegram.py", line 121, in trigger
    return await wrapped_inner(event, kwargs)
  File "/usr/local/lib/python3.9/dist-packages/aiogram/dispatcher/event/handler.py", line 43, in call
    return await wrapped()
  File "/root/sberphoto365/handlers.py", line 47, in handle_photo
    await message.reply("Выбери дату съёмки фотографии:", reply_markup=keyboard)
  File "/usr/local/lib/python3.9/dist-packages/aiogram/methods/base.py", line 84, in emit
    return await bot(self)
  File "/usr/local/lib/python3.9/dist-packages/aiogram/client/bot.py", line 492, in __call__
    return await self.session(self, method, timeout=request_timeout)
  File "/usr/local/lib/python3.9/dist-packages/aiogram/client/session/base.py", line 254, in __call__
    return cast(TelegramType, await middleware(bot, method))
  File "/usr/local/lib/python3.9/dist-packages/aiogram/client/session/aiohttp.py", line 178, in make_request
    response = self.check_response(
  File "/usr/local/lib/python3.9/dist-packages/aiogram/client/session/base.py", line 120, in check_response
    raise TelegramBadRequest(method=method, message=description)
aiogram.exceptions.TelegramBadRequest: Telegram server says - Bad Request: BUTTON_DATA_INVALID
ERROR:aiogram.event:Cause exception while process update id=200076423 by bot id=8180064444
TelegramBadRequest: Telegram server says - Bad Request: BUTTON_DATA_INVALID
Traceback (most recent call last):
  File "/usr/local/lib/python3.9/dist-packages/aiogram/dispatcher/dispatcher.py", line 309, in _process_update
    response = await self.feed_update(bot, update, **kwargs)
  File "/usr/local/lib/python3.9/dist-packages/aiogram/dispatcher/dispatcher.py", line 158, in feed_update
    response = await self.update.wrap_outer_middleware(
  File "/usr/local/lib/python3.9/dist-packages/aiogram/dispatcher/middlewares/error.py", line 25, in __call__
    return await handler(event, data)
  File "/usr/local/lib/python3.9/dist-packages/aiogram/dispatcher/middlewares/user_context.py", line 27, in __call__
    return await handler(event, data)
  File "/usr/local/lib/python3.9/dist-packages/aiogram/fsm/middleware.py", line 41, in __call__
    return await handler(event, data)
  File "/usr/local/lib/python3.9/dist-packages/aiogram/dispatcher/event/telegram.py", line 121, in trigger
    return await wrapped_inner(event, kwargs)
  File "/usr/local/lib/python3.9/dist-packages/aiogram/dispatcher/event/handler.py", line 43, in call
    return await wrapped()
  File "/usr/local/lib/python3.9/dist-packages/aiogram/dispatcher/dispatcher.py", line 276, in _listen_update
    return await self.propagate_event(update_type=update_type, event=event, **kwargs)
  File "/usr/local/lib/python3.9/dist-packages/aiogram/dispatcher/router.py", line 128, in propagate_event
    return await observer.wrap_outer_middleware(_wrapped, event=event, data=kwargs)
  File "/usr/local/lib/python3.9/dist-packages/aiogram/dispatcher/router.py", line 123, in _wrapped
    return await self._propagate_event(
  File "/usr/local/lib/python3.9/dist-packages/aiogram/dispatcher/router.py", line 156, in _propagate_event
    response = await router.propagate_event(update_type=update_type, event=event, **kwargs)
  File "/usr/local/lib/python3.9/dist-packages/aiogram/dispatcher/router.py", line 128, in propagate_event
    return await observer.wrap_outer_middleware(_wrapped, event=event, data=kwargs)
  File "/usr/local/lib/python3.9/dist-packages/aiogram/dispatcher/router.py", line 123, in _wrapped
    return await self._propagate_event(
  File "/usr/local/lib/python3.9/dist-packages/aiogram/dispatcher/router.py", line 148, in _propagate_event
    response = await observer.trigger(event, **kwargs)
  File "/usr/local/lib/python3.9/dist-packages/aiogram/dispatcher/event/telegram.py", line 121, in trigger
    return await wrapped_inner(event, kwargs)
  File "/usr/local/lib/python3.9/dist-packages/aiogram/dispatcher/event/handler.py", line 43, in call
    return await wrapped()
  File "/root/sberphoto365/handlers.py", line 47, in handle_photo
    await message.reply("Выбери дату съёмки фотографии:", reply_markup=keyboard)
  File "/usr/local/lib/python3.9/dist-packages/aiogram/methods/base.py", line 84, in emit
    return await bot(self)
  File "/usr/local/lib/python3.9/dist-packages/aiogram/client/bot.py", line 492, in __call__
    return await self.session(self, method, timeout=request_timeout)
  File "/usr/local/lib/python3.9/dist-packages/aiogram/client/session/base.py", line 254, in __call__
    return cast(TelegramType, await middleware(bot, method))
  File "/usr/local/lib/python3.9/dist-packages/aiogram/client/session/aiohttp.py", line 178, in make_request
    response = self.check_response(
  File "/usr/local/lib/python3.9/dist-packages/aiogram/client/session/base.py", line 120, in check_response
    raise TelegramBadRequest(method=method, message=description)
aiogram.exceptions.TelegramBadRequest: Telegram server says - Bad Request: BUTTON_DATA_INVALID
WARNING:aiogram.dispatcher:Received SIGTERM signal
🚀 Бот запускается...
Received SIGTERM signal
🚀 Бот запускается...
Cause exception while process update id=200076431 by bot id=8180064444
TelegramBadRequest: Telegram server says - Bad Request: BUTTON_DATA_INVALID
Traceback (most recent call last):
  File "/usr/local/lib/python3.9/dist-packages/aiogram/dispatcher/dispatcher.py", line 309, in _process_update
    response = await self.feed_update(bot, update, **kwargs)
  File "/usr/local/lib/python3.9/dist-packages/aiogram/dispatcher/dispatcher.py", line 158, in feed_update
    response = await self.update.wrap_outer_middleware(
  File "/usr/local/lib/python3.9/dist-packages/aiogram/dispatcher/middlewares/error.py", line 25, in __call__
    return await handler(event, data)
  File "/usr/local/lib/python3.9/dist-packages/aiogram/dispatcher/middlewares/user_context.py", line 27, in __call__
    return await handler(event, data)
  File "/usr/local/lib/python3.9/dist-packages/aiogram/fsm/middleware.py", line 41, in __call__
    return await handler(event, data)
  File "/usr/local/lib/python3.9/dist-packages/aiogram/dispatcher/event/telegram.py", line 121, in trigger
    return await wrapped_inner(event, kwargs)
  File "/usr/local/lib/python3.9/dist-packages/aiogram/dispatcher/event/handler.py", line 43, in call
    return await wrapped()
  File "/usr/local/lib/python3.9/dist-packages/aiogram/dispatcher/dispatcher.py", line 276, in _listen_update
    return await self.propagate_event(update_type=update_type, event=event, **kwargs)
  File "/usr/local/lib/python3.9/dist-packages/aiogram/dispatcher/router.py", line 128, in propagate_event
    return await observer.wrap_outer_middleware(_wrapped, event=event, data=kwargs)
  File "/usr/local/lib/python3.9/dist-packages/aiogram/dispatcher/router.py", line 123, in _wrapped
    return await self._propagate_event(
  File "/usr/local/lib/python3.9/dist-packages/aiogram/dispatcher/router.py", line 156, in _propagate_event
    response = await router.propagate_event(update_type=update_type, event=event, **kwargs)
  File "/usr/local/lib/python3.9/dist-packages/aiogram/dispatcher/router.py", line 128, in propagate_event
    return await observer.wrap_outer_middleware(_wrapped, event=event, data=kwargs)
  File "/usr/local/lib/python3.9/dist-packages/aiogram/dispatcher/router.py", line 123, in _wrapped
    return await self._propagate_event(
  File "/usr/local/lib/python3.9/dist-packages/aiogram/dispatcher/router.py", line 148, in _propagate_event
    response = await observer.trigger(event, **kwargs)
  File "/usr/local/lib/python3.9/dist-packages/aiogram/dispatcher/event/telegram.py", line 121, in trigger
    return await wrapped_inner(event, kwargs)
  File "/usr/local/lib/python3.9/dist-packages/aiogram/dispatcher/event/handler.py", line 43, in call
    return await wrapped()
  File "/root/sberphoto365/handlers.py", line 138, in process_date_choice
    await bot.send_photo(CHANNEL_ID, file_id, caption=caption, reply_markup=vote_keyboard)
  File "/usr/local/lib/python3.9/dist-packages/aiogram/client/bot.py", line 2881, in send_photo
    return await self(call, request_timeout=request_timeout)
  File "/usr/local/lib/python3.9/dist-packages/aiogram/client/bot.py", line 492, in __call__
    return await self.session(self, method, timeout=request_timeout)
  File "/usr/local/lib/python3.9/dist-packages/aiogram/client/session/base.py", line 254, in __call__
    return cast(TelegramType, await middleware(bot, method))
  File "/usr/local/lib/python3.9/dist-packages/aiogram/client/session/aiohttp.py", line 178, in make_request
    response = self.check_response(
  File "/usr/local/lib/python3.9/dist-packages/aiogram/client/session/base.py", line 120, in check_response
    raise TelegramBadRequest(method=method, message=description)
aiogram.exceptions.TelegramBadRequest: Telegram server says - Bad Request: BUTTON_DATA_INVALID
Received SIGTERM signal
🚀 Бот запускается...
Cause exception while process update id=200076437 by bot id=8180064444
TelegramBadRequest: Telegram server says - Bad Request: BUTTON_DATA_INVALID
Traceback (most recent call last):
  File "/usr/local/lib/python3.9/dist-packages/aiogram/dispatcher/dispatcher.py", line 309, in _process_update
    response = await self.feed_update(bot, update, **kwargs)
  File "/usr/local/lib/python3.9/dist-packages/aiogram/dispatcher/dispatcher.py", line 158, in feed_update
    response = await self.update.wrap_outer_middleware(
  File "/usr/local/lib/python3.9/dist-packages/aiogram/dispatcher/middlewares/error.py", line 25, in __call__
    return await handler(event, data)
  File "/usr/local/lib/python3.9/dist-packages/aiogram/dispatcher/middlewares/user_context.py", line 27, in __call__
    return await handler(event, data)
  File "/usr/local/lib/python3.9/dist-packages/aiogram/fsm/middleware.py", line 41, in __call__
    return await handler(event, data)
  File "/usr/local/lib/python3.9/dist-packages/aiogram/dispatcher/event/telegram.py", line 121, in trigger
    return await wrapped_inner(event, kwargs)
  File "/usr/local/lib/python3.9/dist-packages/aiogram/dispatcher/event/handler.py", line 43, in call
    return await wrapped()
  File "/usr/local/lib/python3.9/dist-packages/aiogram/dispatcher/dispatcher.py", line 276, in _listen_update
    return await self.propagate_event(update_type=update_type, event=event, **kwargs)
  File "/usr/local/lib/python3.9/dist-packages/aiogram/dispatcher/router.py", line 128, in propagate_event
    return await observer.wrap_outer_middleware(_wrapped, event=event, data=kwargs)
  File "/usr/local/lib/python3.9/dist-packages/aiogram/dispatcher/router.py", line 123, in _wrapped
    return await self._propagate_event(
  File "/usr/local/lib/python3.9/dist-packages/aiogram/dispatcher/router.py", line 156, in _propagate_event
    response = await router.propagate_event(update_type=update_type, event=event, **kwargs)
  File "/usr/local/lib/python3.9/dist-packages/aiogram/dispatcher/router.py", line 128, in propagate_event
    return await observer.wrap_outer_middleware(_wrapped, event=event, data=kwargs)
  File "/usr/local/lib/python3.9/dist-packages/aiogram/dispatcher/router.py", line 123, in _wrapped
    return await self._propagate_event(
  File "/usr/local/lib/python3.9/dist-packages/aiogram/dispatcher/router.py", line 148, in _propagate_event
    response = await observer.trigger(event, **kwargs)
  File "/usr/local/lib/python3.9/dist-packages/aiogram/dispatcher/event/telegram.py", line 121, in trigger
    return await wrapped_inner(event, kwargs)
  File "/usr/local/lib/python3.9/dist-packages/aiogram/dispatcher/event/handler.py", line 43, in call
    return await wrapped()
  File "/root/sberphoto365/handlers.py", line 131, in process_date_choice
    await bot.send_photo(CHANNEL_ID, file_id, caption=caption, reply_markup=vote_keyboard)
  File "/usr/local/lib/python3.9/dist-packages/aiogram/client/bot.py", line 2881, in send_photo
    return await self(call, request_timeout=request_timeout)
  File "/usr/local/lib/python3.9/dist-packages/aiogram/client/bot.py", line 492, in __call__
    return await self.session(self, method, timeout=request_timeout)
  File "/usr/local/lib/python3.9/dist-packages/aiogram/client/session/base.py", line 254, in __call__
    return cast(TelegramType, await middleware(bot, method))
  File "/usr/local/lib/python3.9/dist-packages/aiogram/client/session/aiohttp.py", line 178, in make_request
    response = self.check_response(
  File "/usr/local/lib/python3.9/dist-packages/aiogram/client/session/base.py", line 120, in check_response
    raise TelegramBadRequest(method=method, message=description)
aiogram.exceptions.TelegramBadRequest: Telegram server says - Bad Request: BUTTON_DATA_INVALID
Received SIGTERM signal
🚀 Бот запускается...
Received SIGTERM signal
🚀 Бот запускается...
Cause exception while process update id=200076443 by bot id=8180064444
OperationalError: no such table: temp_photos
Traceback (most recent call last):
  File "/usr/local/lib/python3.9/dist-packages/aiogram/dispatcher/dispatcher.py", line 309, in _process_update
    response = await self.feed_update(bot, update, **kwargs)
  File "/usr/local/lib/python3.9/dist-packages/aiogram/dispatcher/dispatcher.py", line 158, in feed_update
    response = await self.update.wrap_outer_middleware(
  File "/usr/local/lib/python3.9/dist-packages/aiogram/dispatcher/middlewares/error.py", line 25, in __call__
    return await handler(event, data)
  File "/usr/local/lib/python3.9/dist-packages/aiogram/dispatcher/middlewares/user_context.py", line 27, in __call__
    return await handler(event, data)
  File "/usr/local/lib/python3.9/dist-packages/aiogram/fsm/middleware.py", line 41, in __call__
    return await handler(event, data)
  File "/usr/local/lib/python3.9/dist-packages/aiogram/dispatcher/event/telegram.py", line 121, in trigger
    return await wrapped_inner(event, kwargs)
  File "/usr/local/lib/python3.9/dist-packages/aiogram/dispatcher/event/handler.py", line 43, in call
    return await wrapped()
  File "/usr/local/lib/python3.9/dist-packages/aiogram/dispatcher/dispatcher.py", line 276, in _listen_update
    return await self.propagate_event(update_type=update_type, event=event, **kwargs)
  File "/usr/local/lib/python3.9/dist-packages/aiogram/dispatcher/router.py", line 128, in propagate_event
    return await observer.wrap_outer_middleware(_wrapped, event=event, data=kwargs)
  File "/usr/local/lib/python3.9/dist-packages/aiogram/dispatcher/router.py", line 123, in _wrapped
    return await self._propagate_event(
  File "/usr/local/lib/python3.9/dist-packages/aiogram/dispatcher/router.py", line 156, in _propagate_event
    response = await router.propagate_event(update_type=update_type, event=event, **kwargs)
  File "/usr/local/lib/python3.9/dist-packages/aiogram/dispatcher/router.py", line 128, in propagate_event
    return await observer.wrap_outer_middleware(_wrapped, event=event, data=kwargs)
  File "/usr/local/lib/python3.9/dist-packages/aiogram/dispatcher/router.py", line 123, in _wrapped
    return await self._propagate_event(
  File "/usr/local/lib/python3.9/dist-packages/aiogram/dispatcher/router.py", line 148, in _propagate_event
    response = await observer.trigger(event, **kwargs)
  File "/usr/local/lib/python3.9/dist-packages/aiogram/dispatcher/event/telegram.py", line 121, in trigger
    return await wrapped_inner(event, kwargs)
  File "/usr/local/lib/python3.9/dist-packages/aiogram/dispatcher/event/handler.py", line 43, in call
    return await wrapped()
  File "/root/sberphoto365/handlers.py", line 49, in handle_photo
    conn.execute(
sqlite3.OperationalError: no such table: temp_photos
Cause exception while process update id=200076444 by bot id=8180064444
OperationalError: no such table: temp_photos
Traceback (most recent call last):
  File "/usr/local/lib/python3.9/dist-packages/aiogram/dispatcher/dispatcher.py", line 309, in _process_update
    response = await self.feed_update(bot, update, **kwargs)
  File "/usr/local/lib/python3.9/dist-packages/aiogram/dispatcher/dispatcher.py", line 158, in feed_update
    response = await self.update.wrap_outer_middleware(
  File "/usr/local/lib/python3.9/dist-packages/aiogram/dispatcher/middlewares/error.py", line 25, in __call__
    return await handler(event, data)
  File "/usr/local/lib/python3.9/dist-packages/aiogram/dispatcher/middlewares/user_context.py", line 27, in __call__
    return await handler(event, data)
  File "/usr/local/lib/python3.9/dist-packages/aiogram/fsm/middleware.py", line 41, in __call__
    return await handler(event, data)
  File "/usr/local/lib/python3.9/dist-packages/aiogram/dispatcher/event/telegram.py", line 121, in trigger
    return await wrapped_inner(event, kwargs)
  File "/usr/local/lib/python3.9/dist-packages/aiogram/dispatcher/event/handler.py", line 43, in call
    return await wrapped()
  File "/usr/local/lib/python3.9/dist-packages/aiogram/dispatcher/dispatcher.py", line 276, in _listen_update
    return await self.propagate_event(update_type=update_type, event=event, **kwargs)
  File "/usr/local/lib/python3.9/dist-packages/aiogram/dispatcher/router.py", line 128, in propagate_event
    return await observer.wrap_outer_middleware(_wrapped, event=event, data=kwargs)
  File "/usr/local/lib/python3.9/dist-packages/aiogram/dispatcher/router.py", line 123, in _wrapped
    return await self._propagate_event(
  File "/usr/local/lib/python3.9/dist-packages/aiogram/dispatcher/router.py", line 156, in _propagate_event
    response = await router.propagate_event(update_type=update_type, event=event, **kwargs)
  File "/usr/local/lib/python3.9/dist-packages/aiogram/dispatcher/router.py", line 128, in propagate_event
    return await observer.wrap_outer_middleware(_wrapped, event=event, data=kwargs)
  File "/usr/local/lib/python3.9/dist-packages/aiogram/dispatcher/router.py", line 123, in _wrapped
    return await self._propagate_event(
  File "/usr/local/lib/python3.9/dist-packages/aiogram/dispatcher/router.py", line 148, in _propagate_event
    response = await observer.trigger(event, **kwargs)
  File "/usr/local/lib/python3.9/dist-packages/aiogram/dispatcher/event/telegram.py", line 121, in trigger
    return await wrapped_inner(event, kwargs)
  File "/usr/local/lib/python3.9/dist-packages/aiogram/dispatcher/event/handler.py", line 43, in call
    return await wrapped()
  File "/root/sberphoto365/handlers.py", line 49, in handle_photo
    conn.execute(
sqlite3.OperationalError: no such table: temp_photos
Received SIGTERM signal
🚀 Бот запускается...
Cause exception while process update id=200076446 by bot id=8180064444
OperationalError: no such table: temp_photos
Traceback (most recent call last):
  File "/usr/local/lib/python3.9/dist-packages/aiogram/dispatcher/dispatcher.py", line 309, in _process_update
    response = await self.feed_update(bot, update, **kwargs)
  File "/usr/local/lib/python3.9/dist-packages/aiogram/dispatcher/dispatcher.py", line 158, in feed_update
    response = await self.update.wrap_outer_middleware(
  File "/usr/local/lib/python3.9/dist-packages/aiogram/dispatcher/middlewares/error.py", line 25, in __call__
    return await handler(event, data)
  File "/usr/local/lib/python3.9/dist-packages/aiogram/dispatcher/middlewares/user_context.py", line 27, in __call__
    return await handler(event, data)
  File "/usr/local/lib/python3.9/dist-packages/aiogram/fsm/middleware.py", line 41, in __call__
    return await handler(event, data)
  File "/usr/local/lib/python3.9/dist-packages/aiogram/dispatcher/event/telegram.py", line 121, in trigger
    return await wrapped_inner(event, kwargs)
  File "/usr/local/lib/python3.9/dist-packages/aiogram/dispatcher/event/handler.py", line 43, in call
    return await wrapped()
  File "/usr/local/lib/python3.9/dist-packages/aiogram/dispatcher/dispatcher.py", line 276, in _listen_update
    return await self.propagate_event(update_type=update_type, event=event, **kwargs)
  File "/usr/local/lib/python3.9/dist-packages/aiogram/dispatcher/router.py", line 128, in propagate_event
    return await observer.wrap_outer_middleware(_wrapped, event=event, data=kwargs)
  File "/usr/local/lib/python3.9/dist-packages/aiogram/dispatcher/router.py", line 123, in _wrapped
    return await self._propagate_event(
  File "/usr/local/lib/python3.9/dist-packages/aiogram/dispatcher/router.py", line 156, in _propagate_event
    response = await router.propagate_event(update_type=update_type, event=event, **kwargs)
  File "/usr/local/lib/python3.9/dist-packages/aiogram/dispatcher/router.py", line 128, in propagate_event
    return await observer.wrap_outer_middleware(_wrapped, event=event, data=kwargs)
  File "/usr/local/lib/python3.9/dist-packages/aiogram/dispatcher/router.py", line 123, in _wrapped
    return await self._propagate_event(
  File "/usr/local/lib/python3.9/dist-packages/aiogram/dispatcher/router.py", line 148, in _propagate_event
    response = await observer.trigger(event, **kwargs)
  File "/usr/local/lib/python3.9/dist-packages/aiogram/dispatcher/event/telegram.py", line 121, in trigger
    return await wrapped_inner(event, kwargs)
  File "/usr/local/lib/python3.9/dist-packages/aiogram/dispatcher/event/handler.py", line 43, in call
    return await wrapped()
  File "/root/sberphoto365/handlers.py", line 49, in handle_photo
    conn.execute(
sqlite3.OperationalError: no such table: temp_photos
Received SIGTERM signal
🚀 Бот запускается...
Cause exception while process update id=200076450 by bot id=8180064444
TelegramBadRequest: Telegram server says - Bad Request: BUTTON_DATA_INVALID
Traceback (most recent call last):
  File "/usr/local/lib/python3.9/dist-packages/aiogram/dispatcher/dispatcher.py", line 309, in _process_update
    response = await self.feed_update(bot, update, **kwargs)
  File "/usr/local/lib/python3.9/dist-packages/aiogram/dispatcher/dispatcher.py", line 158, in feed_update
    response = await self.update.wrap_outer_middleware(
  File "/usr/local/lib/python3.9/dist-packages/aiogram/dispatcher/middlewares/error.py", line 25, in __call__
    return await handler(event, data)
  File "/usr/local/lib/python3.9/dist-packages/aiogram/dispatcher/middlewares/user_context.py", line 27, in __call__
    return await handler(event, data)
  File "/usr/local/lib/python3.9/dist-packages/aiogram/fsm/middleware.py", line 41, in __call__
    return await handler(event, data)
  File "/usr/local/lib/python3.9/dist-packages/aiogram/dispatcher/event/telegram.py", line 121, in trigger
    return await wrapped_inner(event, kwargs)
  File "/usr/local/lib/python3.9/dist-packages/aiogram/dispatcher/event/handler.py", line 43, in call
    return await wrapped()
  File "/usr/local/lib/python3.9/dist-packages/aiogram/dispatcher/dispatcher.py", line 276, in _listen_update
    return await self.propagate_event(update_type=update_type, event=event, **kwargs)
  File "/usr/local/lib/python3.9/dist-packages/aiogram/dispatcher/router.py", line 128, in propagate_event
    return await observer.wrap_outer_middleware(_wrapped, event=event, data=kwargs)
  File "/usr/local/lib/python3.9/dist-packages/aiogram/dispatcher/router.py", line 123, in _wrapped
    return await self._propagate_event(
  File "/usr/local/lib/python3.9/dist-packages/aiogram/dispatcher/router.py", line 156, in _propagate_event
    response = await router.propagate_event(update_type=update_type, event=event, **kwargs)
  File "/usr/local/lib/python3.9/dist-packages/aiogram/dispatcher/router.py", line 128, in propagate_event
    return await observer.wrap_outer_middleware(_wrapped, event=event, data=kwargs)
  File "/usr/local/lib/python3.9/dist-packages/aiogram/dispatcher/router.py", line 123, in _wrapped
    return await self._propagate_event(
  File "/usr/local/lib/python3.9/dist-packages/aiogram/dispatcher/router.py", line 148, in _propagate_event
    response = await observer.trigger(event, **kwargs)
  File "/usr/local/lib/python3.9/dist-packages/aiogram/dispatcher/event/telegram.py", line 121, in trigger
    return await wrapped_inner(event, kwargs)
  File "/usr/local/lib/python3.9/dist-packages/aiogram/dispatcher/event/handler.py", line 43, in call
    return await wrapped()
  File "/root/sberphoto365/handlers.py", line 151, in process_date_choice
    await bot.send_photo(CHANNEL_ID, file_id, caption=caption, reply_markup=vote_keyboard)
  File "/usr/local/lib/python3.9/dist-packages/aiogram/client/bot.py", line 2881, in send_photo
    return await self(call, request_timeout=request_timeout)
  File "/usr/local/lib/python3.9/dist-packages/aiogram/client/bot.py", line 492, in __call__
    return await self.session(self, method, timeout=request_timeout)
  File "/usr/local/lib/python3.9/dist-packages/aiogram/client/session/base.py", line 254, in __call__
    return cast(TelegramType, await middleware(bot, method))
  File "/usr/local/lib/python3.9/dist-packages/aiogram/client/session/aiohttp.py", line 178, in make_request
    response = self.check_response(
  File "/usr/local/lib/python3.9/dist-packages/aiogram/client/session/base.py", line 120, in check_response
    raise TelegramBadRequest(method=method, message=description)
aiogram.exceptions.TelegramBadRequest: Telegram server says - Bad Request: BUTTON_DATA_INVALID
Received SIGTERM signal
🚀 Бот запускается...
Cause exception while process update id=200076456 by bot id=8180064444
TelegramBadRequest: Telegram server says - Bad Request: BUTTON_DATA_INVALID
Traceback (most recent call last):
  File "/usr/local/lib/python3.9/dist-packages/aiogram/dispatcher/dispatcher.py", line 309, in _process_update
    response = await self.feed_update(bot, update, **kwargs)
  File "/usr/local/lib/python3.9/dist-packages/aiogram/dispatcher/dispatcher.py", line 158, in feed_update
    response = await self.update.wrap_outer_middleware(
  File "/usr/local/lib/python3.9/dist-packages/aiogram/dispatcher/middlewares/error.py", line 25, in __call__
    return await handler(event, data)
  File "/usr/local/lib/python3.9/dist-packages/aiogram/dispatcher/middlewares/user_context.py", line 27, in __call__
    return await handler(event, data)
  File "/usr/local/lib/python3.9/dist-packages/aiogram/fsm/middleware.py", line 41, in __call__
    return await handler(event, data)
  File "/usr/local/lib/python3.9/dist-packages/aiogram/dispatcher/event/telegram.py", line 121, in trigger
    return await wrapped_inner(event, kwargs)
  File "/usr/local/lib/python3.9/dist-packages/aiogram/dispatcher/event/handler.py", line 43, in call
    return await wrapped()
  File "/usr/local/lib/python3.9/dist-packages/aiogram/dispatcher/dispatcher.py", line 276, in _listen_update
    return await self.propagate_event(update_type=update_type, event=event, **kwargs)
  File "/usr/local/lib/python3.9/dist-packages/aiogram/dispatcher/router.py", line 128, in propagate_event
    return await observer.wrap_outer_middleware(_wrapped, event=event, data=kwargs)
  File "/usr/local/lib/python3.9/dist-packages/aiogram/dispatcher/router.py", line 123, in _wrapped
    return await self._propagate_event(
  File "/usr/local/lib/python3.9/dist-packages/aiogram/dispatcher/router.py", line 156, in _propagate_event
    response = await router.propagate_event(update_type=update_type, event=event, **kwargs)
  File "/usr/local/lib/python3.9/dist-packages/aiogram/dispatcher/router.py", line 128, in propagate_event
    return await observer.wrap_outer_middleware(_wrapped, event=event, data=kwargs)
  File "/usr/local/lib/python3.9/dist-packages/aiogram/dispatcher/router.py", line 123, in _wrapped
    return await self._propagate_event(
  File "/usr/local/lib/python3.9/dist-packages/aiogram/dispatcher/router.py", line 148, in _propagate_event
    response = await observer.trigger(event, **kwargs)
  File "/usr/local/lib/python3.9/dist-packages/aiogram/dispatcher/event/telegram.py", line 121, in trigger
    return await wrapped_inner(event, kwargs)
  File "/usr/local/lib/python3.9/dist-packages/aiogram/dispatcher/event/handler.py", line 43, in call
    return await wrapped()
  File "/root/sberphoto365/handlers.py", line 151, in process_date_choice
    await bot.send_photo(CHANNEL_ID, file_id, caption=caption, reply_markup=vote_keyboard)
  File "/usr/local/lib/python3.9/dist-packages/aiogram/client/bot.py", line 2881, in send_photo
    return await self(call, request_timeout=request_timeout)
  File "/usr/local/lib/python3.9/dist-packages/aiogram/client/bot.py", line 492, in __call__
    return await self.session(self, method, timeout=request_timeout)
  File "/usr/local/lib/python3.9/dist-packages/aiogram/client/session/base.py", line 254, in __call__
    return cast(TelegramType, await middleware(bot, method))
  File "/usr/local/lib/python3.9/dist-packages/aiogram/client/session/aiohttp.py", line 178, in make_request
    response = self.check_response(
  File "/usr/local/lib/python3.9/dist-packages/aiogram/client/session/base.py", line 120, in check_response
    raise TelegramBadRequest(method=method, message=description)
aiogram.exceptions.TelegramBadRequest: Telegram server says - Bad Request: BUTTON_DATA_INVALID
Received SIGTERM signal
🚀 Бот запускается...
Cause exception while process update id=200076459 by bot id=8180064444
TelegramBadRequest: Telegram server says - Bad Request: BUTTON_DATA_INVALID
Traceback (most recent call last):
  File "/usr/local/lib/python3.9/dist-packages/aiogram/dispatcher/dispatcher.py", line 309, in _process_update
    response = await self.feed_update(bot, update, **kwargs)
  File "/usr/local/lib/python3.9/dist-packages/aiogram/dispatcher/dispatcher.py", line 158, in feed_update
    response = await self.update.wrap_outer_middleware(
  File "/usr/local/lib/python3.9/dist-packages/aiogram/dispatcher/middlewares/error.py", line 25, in __call__
    return await handler(event, data)
  File "/usr/local/lib/python3.9/dist-packages/aiogram/dispatcher/middlewares/user_context.py", line 27, in __call__
    return await handler(event, data)
  File "/usr/local/lib/python3.9/dist-packages/aiogram/fsm/middleware.py", line 41, in __call__
    return await handler(event, data)
  File "/usr/local/lib/python3.9/dist-packages/aiogram/dispatcher/event/telegram.py", line 121, in trigger
    return await wrapped_inner(event, kwargs)
  File "/usr/local/lib/python3.9/dist-packages/aiogram/dispatcher/event/handler.py", line 43, in call
    return await wrapped()
  File "/usr/local/lib/python3.9/dist-packages/aiogram/dispatcher/dispatcher.py", line 276, in _listen_update
    return await self.propagate_event(update_type=update_type, event=event, **kwargs)
  File "/usr/local/lib/python3.9/dist-packages/aiogram/dispatcher/router.py", line 128, in propagate_event
    return await observer.wrap_outer_middleware(_wrapped, event=event, data=kwargs)
  File "/usr/local/lib/python3.9/dist-packages/aiogram/dispatcher/router.py", line 123, in _wrapped
    return await self._propagate_event(
  File "/usr/local/lib/python3.9/dist-packages/aiogram/dispatcher/router.py", line 156, in _propagate_event
    response = await router.propagate_event(update_type=update_type, event=event, **kwargs)
  File "/usr/local/lib/python3.9/dist-packages/aiogram/dispatcher/router.py", line 128, in propagate_event
    return await observer.wrap_outer_middleware(_wrapped, event=event, data=kwargs)
  File "/usr/local/lib/python3.9/dist-packages/aiogram/dispatcher/router.py", line 123, in _wrapped
    return await self._propagate_event(
  File "/usr/local/lib/python3.9/dist-packages/aiogram/dispatcher/router.py", line 148, in _propagate_event
    response = await observer.trigger(event, **kwargs)
  File "/usr/local/lib/python3.9/dist-packages/aiogram/dispatcher/event/telegram.py", line 121, in trigger
    return await wrapped_inner(event, kwargs)
  File "/usr/local/lib/python3.9/dist-packages/aiogram/dispatcher/event/handler.py", line 43, in call
    return await wrapped()
  File "/root/sberphoto365/handlers.py", line 151, in process_date_choice
    await bot.send_photo(CHANNEL_ID, file_id, caption=caption, reply_markup=vote_keyboard)
  File "/usr/local/lib/python3.9/dist-packages/aiogram/client/bot.py", line 2881, in send_photo
    return await self(call, request_timeout=request_timeout)
  File "/usr/local/lib/python3.9/dist-packages/aiogram/client/bot.py", line 492, in __call__
    return await self.session(self, method, timeout=request_timeout)
  File "/usr/local/lib/python3.9/dist-packages/aiogram/client/session/base.py", line 254, in __call__
    return cast(TelegramType, await middleware(bot, method))
  File "/usr/local/lib/python3.9/dist-packages/aiogram/client/session/aiohttp.py", line 178, in make_request
    response = self.check_response(
  File "/usr/local/lib/python3.9/dist-packages/aiogram/client/session/base.py", line 120, in check_response
    raise TelegramBadRequest(method=method, message=description)
aiogram.exceptions.TelegramBadRequest: Telegram server says - Bad Request: BUTTON_DATA_INVALID
Cause exception while process update id=200076462 by bot id=8180064444
TelegramBadRequest: Telegram server says - Bad Request: BUTTON_DATA_INVALID
Traceback (most recent call last):
  File "/usr/local/lib/python3.9/dist-packages/aiogram/dispatcher/dispatcher.py", line 309, in _process_update
    response = await self.feed_update(bot, update, **kwargs)
  File "/usr/local/lib/python3.9/dist-packages/aiogram/dispatcher/dispatcher.py", line 158, in feed_update
    response = await self.update.wrap_outer_middleware(
  File "/usr/local/lib/python3.9/dist-packages/aiogram/dispatcher/middlewares/error.py", line 25, in __call__
    return await handler(event, data)
  File "/usr/local/lib/python3.9/dist-packages/aiogram/dispatcher/middlewares/user_context.py", line 27, in __call__
    return await handler(event, data)
  File "/usr/local/lib/python3.9/dist-packages/aiogram/fsm/middleware.py", line 41, in __call__
    return await handler(event, data)
  File "/usr/local/lib/python3.9/dist-packages/aiogram/dispatcher/event/telegram.py", line 121, in trigger
    return await wrapped_inner(event, kwargs)
  File "/usr/local/lib/python3.9/dist-packages/aiogram/dispatcher/event/handler.py", line 43, in call
    return await wrapped()
  File "/usr/local/lib/python3.9/dist-packages/aiogram/dispatcher/dispatcher.py", line 276, in _listen_update
    return await self.propagate_event(update_type=update_type, event=event, **kwargs)
  File "/usr/local/lib/python3.9/dist-packages/aiogram/dispatcher/router.py", line 128, in propagate_event
    return await observer.wrap_outer_middleware(_wrapped, event=event, data=kwargs)
  File "/usr/local/lib/python3.9/dist-packages/aiogram/dispatcher/router.py", line 123, in _wrapped
    return await self._propagate_event(
  File "/usr/local/lib/python3.9/dist-packages/aiogram/dispatcher/router.py", line 156, in _propagate_event
    response = await router.propagate_event(update_type=update_type, event=event, **kwargs)
  File "/usr/local/lib/python3.9/dist-packages/aiogram/dispatcher/router.py", line 128, in propagate_event
    return await observer.wrap_outer_middleware(_wrapped, event=event, data=kwargs)
  File "/usr/local/lib/python3.9/dist-packages/aiogram/dispatcher/router.py", line 123, in _wrapped
    return await self._propagate_event(
  File "/usr/local/lib/python3.9/dist-packages/aiogram/dispatcher/router.py", line 148, in _propagate_event
    response = await observer.trigger(event, **kwargs)
  File "/usr/local/lib/python3.9/dist-packages/aiogram/dispatcher/event/telegram.py", line 121, in trigger
    return await wrapped_inner(event, kwargs)
  File "/usr/local/lib/python3.9/dist-packages/aiogram/dispatcher/event/handler.py", line 43, in call
    return await wrapped()
  File "/root/sberphoto365/handlers.py", line 151, in process_date_choice
    await bot.send_photo(CHANNEL_ID, file_id, caption=caption, reply_markup=vote_keyboard)
  File "/usr/local/lib/python3.9/dist-packages/aiogram/client/bot.py", line 2881, in send_photo
    return await self(call, request_timeout=request_timeout)
  File "/usr/local/lib/python3.9/dist-packages/aiogram/client/bot.py", line 492, in __call__
    return await self.session(self, method, timeout=request_timeout)
  File "/usr/local/lib/python3.9/dist-packages/aiogram/client/session/base.py", line 254, in __call__
    return cast(TelegramType, await middleware(bot, method))
  File "/usr/local/lib/python3.9/dist-packages/aiogram/client/session/aiohttp.py", line 178, in make_request
    response = self.check_response(
  File "/usr/local/lib/python3.9/dist-packages/aiogram/client/session/base.py", line 120, in check_response
    raise TelegramBadRequest(method=method, message=description)
aiogram.exceptions.TelegramBadRequest: Telegram server says - Bad Request: BUTTON_DATA_INVALID
Received SIGTERM signal
🚀 Бот запускается...
Received SIGTERM signal
🚀 Бот запускается...
Cause exception while process update id=200076471 by bot id=8180064444
TelegramBadRequest: Telegram server says - Bad Request: BUTTON_DATA_INVALID
Traceback (most recent call last):
  File "/usr/local/lib/python3.9/dist-packages/aiogram/dispatcher/dispatcher.py", line 309, in _process_update
    response = await self.feed_update(bot, update, **kwargs)
  File "/usr/local/lib/python3.9/dist-packages/aiogram/dispatcher/dispatcher.py", line 158, in feed_update
    response = await self.update.wrap_outer_middleware(
  File "/usr/local/lib/python3.9/dist-packages/aiogram/dispatcher/middlewares/error.py", line 25, in __call__
    return await handler(event, data)
  File "/usr/local/lib/python3.9/dist-packages/aiogram/dispatcher/middlewares/user_context.py", line 27, in __call__
    return await handler(event, data)
  File "/usr/local/lib/python3.9/dist-packages/aiogram/fsm/middleware.py", line 41, in __call__
    return await handler(event, data)
  File "/usr/local/lib/python3.9/dist-packages/aiogram/dispatcher/event/telegram.py", line 121, in trigger
    return await wrapped_inner(event, kwargs)
  File "/usr/local/lib/python3.9/dist-packages/aiogram/dispatcher/event/handler.py", line 43, in call
    return await wrapped()
  File "/usr/local/lib/python3.9/dist-packages/aiogram/dispatcher/dispatcher.py", line 276, in _listen_update
    return await self.propagate_event(update_type=update_type, event=event, **kwargs)
  File "/usr/local/lib/python3.9/dist-packages/aiogram/dispatcher/router.py", line 128, in propagate_event
    return await observer.wrap_outer_middleware(_wrapped, event=event, data=kwargs)
  File "/usr/local/lib/python3.9/dist-packages/aiogram/dispatcher/router.py", line 123, in _wrapped
    return await self._propagate_event(
  File "/usr/local/lib/python3.9/dist-packages/aiogram/dispatcher/router.py", line 156, in _propagate_event
    response = await router.propagate_event(update_type=update_type, event=event, **kwargs)
  File "/usr/local/lib/python3.9/dist-packages/aiogram/dispatcher/router.py", line 128, in propagate_event
    return await observer.wrap_outer_middleware(_wrapped, event=event, data=kwargs)
  File "/usr/local/lib/python3.9/dist-packages/aiogram/dispatcher/router.py", line 123, in _wrapped
    return await self._propagate_event(
  File "/usr/local/lib/python3.9/dist-packages/aiogram/dispatcher/router.py", line 148, in _propagate_event
    response = await observer.trigger(event, **kwargs)
  File "/usr/local/lib/python3.9/dist-packages/aiogram/dispatcher/event/telegram.py", line 121, in trigger
    return await wrapped_inner(event, kwargs)
  File "/usr/local/lib/python3.9/dist-packages/aiogram/dispatcher/event/handler.py", line 43, in call
    return await wrapped()
  File "/root/sberphoto365/handlers.py", line 160, in process_date_choice
    await bot.send_photo(CHANNEL_ID, file_id, caption=caption, reply_markup=vote_keyboard)
  File "/usr/local/lib/python3.9/dist-packages/aiogram/client/bot.py", line 2881, in send_photo
    return await self(call, request_timeout=request_timeout)
  File "/usr/local/lib/python3.9/dist-packages/aiogram/client/bot.py", line 492, in __call__
    return await self.session(self, method, timeout=request_timeout)
  File "/usr/local/lib/python3.9/dist-packages/aiogram/client/session/base.py", line 254, in __call__
    return cast(TelegramType, await middleware(bot, method))
  File "/usr/local/lib/python3.9/dist-packages/aiogram/client/session/aiohttp.py", line 178, in make_request
    response = self.check_response(
  File "/usr/local/lib/python3.9/dist-packages/aiogram/client/session/base.py", line 120, in check_response
    raise TelegramBadRequest(method=method, message=description)
aiogram.exceptions.TelegramBadRequest: Telegram server says - Bad Request: BUTTON_DATA_INVALID
Received SIGTERM signal
🚀 Бот запускается...
Received SIGTERM signal
🚀 Бот запускается...
Cause exception while process update id=200076475 by bot id=8180064444
TelegramBadRequest: Telegram server says - Bad Request: BUTTON_DATA_INVALID
Traceback (most recent call last):
  File "/usr/local/lib/python3.9/dist-packages/aiogram/dispatcher/dispatcher.py", line 309, in _process_update
    response = await self.feed_update(bot, update, **kwargs)
  File "/usr/local/lib/python3.9/dist-packages/aiogram/dispatcher/dispatcher.py", line 158, in feed_update
    response = await self.update.wrap_outer_middleware(
  File "/usr/local/lib/python3.9/dist-packages/aiogram/dispatcher/middlewares/error.py", line 25, in __call__
    return await handler(event, data)
  File "/usr/local/lib/python3.9/dist-packages/aiogram/dispatcher/middlewares/user_context.py", line 27, in __call__
    return await handler(event, data)
  File "/usr/local/lib/python3.9/dist-packages/aiogram/fsm/middleware.py", line 41, in __call__
    return await handler(event, data)
  File "/usr/local/lib/python3.9/dist-packages/aiogram/dispatcher/event/telegram.py", line 121, in trigger
    return await wrapped_inner(event, kwargs)
  File "/usr/local/lib/python3.9/dist-packages/aiogram/dispatcher/event/handler.py", line 43, in call
    return await wrapped()
  File "/usr/local/lib/python3.9/dist-packages/aiogram/dispatcher/dispatcher.py", line 276, in _listen_update
    return await self.propagate_event(update_type=update_type, event=event, **kwargs)
  File "/usr/local/lib/python3.9/dist-packages/aiogram/dispatcher/router.py", line 128, in propagate_event
    return await observer.wrap_outer_middleware(_wrapped, event=event, data=kwargs)
  File "/usr/local/lib/python3.9/dist-packages/aiogram/dispatcher/router.py", line 123, in _wrapped
    return await self._propagate_event(
  File "/usr/local/lib/python3.9/dist-packages/aiogram/dispatcher/router.py", line 156, in _propagate_event
    response = await router.propagate_event(update_type=update_type, event=event, **kwargs)
  File "/usr/local/lib/python3.9/dist-packages/aiogram/dispatcher/router.py", line 128, in propagate_event
    return await observer.wrap_outer_middleware(_wrapped, event=event, data=kwargs)
  File "/usr/local/lib/python3.9/dist-packages/aiogram/dispatcher/router.py", line 123, in _wrapped
    return await self._propagate_event(
  File "/usr/local/lib/python3.9/dist-packages/aiogram/dispatcher/router.py", line 148, in _propagate_event
    response = await observer.trigger(event, **kwargs)
  File "/usr/local/lib/python3.9/dist-packages/aiogram/dispatcher/event/telegram.py", line 121, in trigger
    return await wrapped_inner(event, kwargs)
  File "/usr/local/lib/python3.9/dist-packages/aiogram/dispatcher/event/handler.py", line 43, in call
    return await wrapped()
  File "/root/sberphoto365/handlers.py", line 160, in process_date_choice
    await bot.send_photo(CHANNEL_ID, file_id, caption=caption, reply_markup=vote_keyboard)
  File "/usr/local/lib/python3.9/dist-packages/aiogram/client/bot.py", line 2881, in send_photo
    return await self(call, request_timeout=request_timeout)
  File "/usr/local/lib/python3.9/dist-packages/aiogram/client/bot.py", line 492, in __call__
    return await self.session(self, method, timeout=request_timeout)
  File "/usr/local/lib/python3.9/dist-packages/aiogram/client/session/base.py", line 254, in __call__
    return cast(TelegramType, await middleware(bot, method))
  File "/usr/local/lib/python3.9/dist-packages/aiogram/client/session/aiohttp.py", line 178, in make_request
    response = self.check_response(
  File "/usr/local/lib/python3.9/dist-packages/aiogram/client/session/base.py", line 120, in check_response
    raise TelegramBadRequest(method=method, message=description)
aiogram.exceptions.TelegramBadRequest: Telegram server says - Bad Request: BUTTON_DATA_INVALID
Received SIGTERM signal
🚀 Бот запускается...
Received SIGTERM signal
🚀 Бот запускается...
